Quarters,AskingRate,,,,Boston Office Leased Lists from Y2005-Y2010
3,13.07,,,,
3,12.63,,,,
3,19.1,,,,
2,15,,,,
3,15,,,,
5,20,,,,
3,12,,,,
2,9.63,,,,
6,10.94,,,,
4,11.5,,,,
6,15.33,,,,
5,14,,,,
5,14,,,,
14,15,,,,
5,15,,,,
3,10,,,,
5,10,,,,
3,13.5,,,,
3,15.5,,,,
5,14.4,,,,
5,13,,,,
5,13,,,,
6,12,,,,
10,9,,,,
0,15,,,,
4,8.47,,,,
11,15,,,,
4,9.47,,,,
1,12,,,,
1,12,,,,
1,12,,,,
2,15.55,,,,
2,12,,,,
6,13.1,,,,
6,23,,,,
4,17,,,,
4,17,,,,
8,20.8,,,,
1,14,,,,
4,17,,,,
14,10.2,,,,
3,14.41,,,,
2,18.44,,,,
1,19.43,,,,
1,10.5,,,,
6,15,,,,
5,18,,,,
0,23.5,,,,
1,23.5,,,,
1,23.5,,,,
5,23.5,,,,
3,22.5,,,,
5,23.5,,,,
4,22,,,,
2,18,,,,
3,15,,,,
7,15,,,,
2,18,,,,
2,20,,,,
7,15,,,,
6,18,,,,
2,14,,,,
1,12,,,,
2,12,,,,
8,13.84,,,,
1,10.4,,,,
9,10,,,,
15,10,,,,
5,10,,,,
16,10,,,,
5,15,,,,
2,19.5,,,,
9,12,,,,
2,15,,,,
4,15.28,,,,
2,12,,,,
3,10,,,,
0,9.5,,,,
1,12,,,,
2,12,,,,
5,16.5,,,,
4,16.5,,,,
6,16.5,,,,
7,16.5,,,,
2,16.5,,,,
6,16.5,,,,
4,16.5,,,,
5,12,,,,
2,12.59,,,,
2,12.59,,,,
4,10,,,,
4,10,,,,
4,10,,,,
4,15,,,,
2,12,,,,
2,12,,,,
6,8,,,,
8,18.5,,,,
8,20.18,,,,
5,12,,,,
5,12,,,,
7,16,,,,
5,16,,,,
1,16,,,,
3,16,,,,
6,17.14,,,,
1,23.25,,,,
6,18.75,,,,
1,30.95,,,,
2,20,,,,
2,24,,,,
2,17,,,,
1,17,,,,
1,17,,,,
5,12,,,,
6,10,,,,
2,11,,,,
3,10.4,,,,
3,12,,,,
1,16.8,,,,
7,22.5,,,,
10,15,,,,
2,12,,,,
4,12,,,,
2,12.68,,,,
4,23.86,,,,
2,19,,,,
1,19,,,,
10,18,,,,
4,19,,,,
12,18,,,,
12,18,,,,
1,20,,,,
5,19,,,,
1,20,,,,
3,15,,,,
2,16,,,,
3,17.75,,,,
0,17.75,,,,
0,17.75,,,,
9,18,,,,
3,17.5,,,,
9,17,,,,
1,17.5,,,,
6,20.4,,,,
3,22.5,,,,
6,16.36,,,,
12,20,,,,
1,17.5,,,,
3,18,,,,
3,18,,,,
1,17.5,,,,
2,19,,,,
2,17.5,,,,
2,16.5,,,,
4,17.5,,,,
6,17.5,,,,
3,17.5,,,,
3,13.5,,,,
8,13.5,,,,
5,19.5,,,,
6,14.94,,,,
3,15,,,,
7,12,,,,
2,12,,,,
0,12,,,,
10,12,,,,
2,18,,,,
4,11.75,,,,
8,15,,,,
6,17,,,,
3,7,,,,
1,11.94,,,,
2,18.5,,,,
6,14.5,,,,
0,14,,,,
6,21,,,,
2,15,,,,
1,15,,,,
3,12,,,,
1,17,,,,
1,17,,,,
1,17,,,,
1,17,,,,
2,15.5,,,,
4,13.5,,,,
2,15.5,,,,
4,27,,,,
7,27,,,,
5,27,,,,
7,22,,,,
7,22,,,,
1,16.5,,,,
3,27.5,,,,
4,22.5,,,,
3,13,,,,
0,10.29,,,,
6,23.65,,,,
5,14.4,,,,
6,14.5,,,,
6,14.5,,,,
5,14.5,,,,
6,10,,,,
6,10,,,,
5,18,,,,
7,28.75,,,,
7,28.75,,,,
3,28.75,,,,
7,14.5,,,,
3,16.5,,,,
5,22,,,,
15,22,,,,
7,22,,,,
0,20,,,,
1,14,,,,
1,14,,,,
13,14,,,,
14,14,,,,
1,14,,,,
9,15.45,,,,
5,15.45,,,,
5,18,,,,
1,18,,,,
1,17.16,,,,
0,18,,,,
2,18,,,,
2,18,,,,
2,18,,,,
5,16.68,,,,
2,9.76,,,,
1,14.12,,,,
1,15,,,,
1,10,,,,
3,16,,,,
1,8.5,,,,
3,13.41,,,,
3,15.6,,,,
7,17,,,,
1,8,,,,
7,17,,,,
7,17,,,,
8,14,,,,
3,15,,,,
3,15,,,,
3,15,,,,
3,15,,,,
3,23.75,,,,
2,14,,,,
5,22,,,,
2,21.5,,,,
1,21.5,,,,
1,21.5,,,,
2,11.75,,,,
3,11.61,,,,
2,11.25,,,,
7,8,,,,
2,6.5,,,,
5,18.5,,,,
3,18.5,,,,
5,18.5,,,,
2,20,,,,
7,20,,,,
6,21.91,,,,
2,19.5,,,,
7,21.5,,,,
2,12,,,,
2,14,,,,
15,10,,,,
15,10,,,,
7,12,,,,
6,12,,,,
3,11.57,,,,
3,17.5,,,,
5,17.5,,,,
3,17.5,,,,
4,18,,,,
1,12.63,,,,
4,13,,,,
2,14.5,,,,
6,12.5,,,,
3,14.5,,,,
3,14.5,,,,
5,14.18,,,,
4,18,,,,
2,24,,,,
0,24,,,,
1,25.5,,,,
1,30.92,,,,
6,19,,,,
3,20,,,,
3,19,,,,
4,19.5,,,,
1,20,,,,
0,18,,,,
5,19.5,,,,
1,19.5,,,,
1,19,,,,
3,20,,,,
7,17,,,,
7,17,,,,
11,19,,,,
11,22,,,,
12,25.75,,,,
1,24,,,,
6,24,,,,
1,24,,,,
0,25.75,,,,
4,22,,,,
11,25.75,,,,
7,19.5,,,,
4,19.5,,,,
2,19,,,,
5,19.5,,,,
1,19.5,,,,
0,20,,,,
2,19,,,,
0,19,,,,
1,20,,,,
4,19.5,,,,
6,19,,,,
1,20,,,,
0,19,,,,
8,19.5,,,,
1,19,,,,
9,16,,,,
10,16,,,,
4,14.5,,,,
2,8,,,,
9,16,,,,
11,17,,,,
12,13.5,,,,
4,15,,,,
5,25,,,,
4,25,,,,
7,25,,,,
5,25,,,,
8,24,,,,
3,19.5,,,,
1,19,,,,
0,20,,,,
1,18,,,,
1,19.5,,,,
1,19.5,,,,
2,20,,,,
11,12,,,,
2,24,,,,
1,24,,,,
3,18,,,,
1,16,,,,
1,12,,,,
6,10,,,,
6,14,,,,
1,19.5,,,,
2,16.5,,,,
7,17,,,,
14,15,,,,
12,16,,,,
5,16.5,,,,
1,17,,,,
2,17,,,,
4,16.5,,,,
4,15,,,,
4,11.25,,,,
2,16.61,,,,
0,19.63,,,,
4,11.25,,,,
7,14.5,,,,
7,14.5,,,,
7,14.5,,,,
5,28,,,,
2,25,,,,
10,23,,,,
1,17,,,,
1,12,,,,
1,16,,,,
4,20,,,,
0,8,,,,
1,15,,,,
2,19.2,,,,
2,19.2,,,,
2,19.2,,,,
1,20,,,,
3,20,,,,
1,20,,,,
4,25,,,,
2,25,,,,
3,19,,,,
5,20,,,,
3,20,,,,
10,20,,,,
3,20,,,,
10,24,,,,
10,20,,,,
1,25,,,,
10,19,,,,
1,10,,,,
6,18,,,,
8,18,,,,
8,18,,,,
0,19,,,,
4,12.5,,,,
9,17,,,,
12,18,,,,
13,18,,,,
9,18,,,,
5,18,,,,
14,17,,,,
2,18,,,,
2,18,,,,
7,16,,,,
6,22,,,,
3,22,,,,
8,19,,,,
8,16.5,,,,
0,22,,,,
1,22,,,,
3,22,,,,
6,16.5,,,,
11,22,,,,
9,18,,,,
3,22,,,,
12,22,,,,
2,22,,,,
1,12,,,,
5,13,,,,
0,12,,,,
4,12,,,,
4,12,,,,
1,10,,,,
2,9.8,,,,
9,20,,,,
2,9.25,,,,
2,9.25,,,,
2,17,,,,
4,15.5,,,,
5,15,,,,
2,17.5,,,,
2,17.5,,,,
2,18,,,,
2,17,,,,
10,16,,,,
4,16,,,,
2,20.5,,,,
8,17.95,,,,
1,20,,,,
5,19.75,,,,
3,22,,,,
16,22,,,,
4,22,,,,
2,22,,,,
8,22,,,,
1,20,,,,
8,16.5,,,,
4,16.5,,,,
0,20.4,,,,
0,20,,,,
5,19,,,,
10,17,,,,
6,17,,,,
14,17,,,,
2,14,,,,
4,17.5,,,,
2,17.5,,,,
2,15.5,,,,
9,33,,,,
3,30,,,,
3,30,,,,
4,28,,,,
1,27,,,,
0,19,,,,
3,10,,,,
4,21,,,,
5,18,,,,
2,18,,,,
1,13.75,,,,
3,32,,,,
3,29.5,,,,
5,15.5,,,,
0,15.5,,,,
1,16.5,,,,
1,16.5,,,,
5,15.5,,,,
7,16,,,,
7,16,,,,
2,28.91,,,,
5,26,,,,
1,55,,,,
1,35,,,,
4,15,,,,
6,20,,,,
2,17.25,,,,
9,20,,,,
1,16,,,,
4,23.5,,,,
2,27,,,,
2,23,,,,
1,28.5,,,,
3,30,,,,
7,18.5,,,,
1,18.5,,,,
4,16,,,,
10,13,,,,
1,18,,,,
3,20,,,,
1,19.2,,,,
2,19.2,,,,
2,22,,,,
1,18.5,,,,
1,18.5,,,,
1,18.5,,,,
4,16.5,,,,
7,16,,,,
0,24,,,,
16,22,,,,
8,23,,,,
16,22,,,,
7,23,,,,
5,21,,,,
4,22,,,,
1,23.5,,,,
9,22,,,,
11,22,,,,
3,23.5,,,,
3,23.5,,,,
15,21,,,,
1,21,,,,
5,23.5,,,,
2,23.5,,,,
5,23.5,,,,
5,23.5,,,,
1,23.5,,,,
5,22,,,,
6,19,,,,
9,19,,,,
3,24,,,,
0,22,,,,
2,21,,,,
9,19,,,,
8,21,,,,
5,9.5,,,,
5,24,,,,
10,24,,,,
7,25.6,,,,
8,15,,,,
3,22.75,,,,
7,21.75,,,,
3,22.75,,,,
1,22.75,,,,
0,22.75,,,,
2,21.75,,,,
0,21.75,,,,
1,21.75,,,,
6,22.75,,,,
2,19.75,,,,
7,24.75,,,,
0,21.75,,,,
6,22.75,,,,
0,21.75,,,,
1,21,,,,
12,11.25,,,,
7,15,,,,
1,20,,,,
2,20,,,,
2,20,,,,
0,15.2,,,,
4,18,,,,
5,27.73,,,,
11,21,,,,
2,22,,,,
15,20,,,,
15,20,,,,
2,15,,,,
1,15,,,,
0,15,,,,
2,15,,,,
2,17.5,,,,
6,17.5,,,,
1,23.5,,,,
1,23.5,,,,
6,26.5,,,,
1,23.5,,,,
1,16,,,,
1,21.75,,,,
2,23,,,,
4,23,,,,
9,21.75,,,,
3,26,,,,
11,24.5,,,,
7,18,,,,
9,20,,,,
2,18,,,,
1,15.27,,,,
7,14.29,,,,
0,16.18,,,,
8,14.04,,,,
11,24.5,,,,
0,20.75,,,,
0,20.75,,,,
5,24.5,,,,
4,24.5,,,,
2,20,,,,
2,20,,,,
2,20,,,,
1,22,,,,
2,17,,,,
2,15,,,,
5,12,,,,
3,17,,,,
3,17,,,,
2,17.5,,,,
2,17.5,,,,
2,18,,,,
9,12,,,,
1,12,,,,
1,12,,,,
1,20,,,,
0,17.5,,,,
8,13.25,,,,
1,19,,,,
0,23.5,,,,
4,23.5,,,,
1,22.5,,,,
2,26.5,,,,
2,27.5,,,,
8,23.5,,,,
11,26.5,,,,
10,26,,,,
0,27.5,,,,
2,26.5,,,,
1,23.5,,,,
6,26.5,,,,
6,26.5,,,,
6,26.5,,,,
3,17,,,,
8,15,,,,
1,14.75,,,,
5,19,,,,
11,18,,,,
2,14.66,,,,
3,14.66,,,,
3,16,,,,
7,15,,,,
5,20,,,,
2,24.5,,,,
8,13.2,,,,
2,11.625,,,,
4,23,,,,
1,22,,,,
6,16,,,,
4,16,,,,
6,17,,,,
4,18,,,,
4,20,,,,
5,17.75,,,,
5,20,,,,
2,16.5,,,,
1,18,,,,
6,25,,,,
4,21,,,,
4,21,,,,
0,32,,,,
0,24.5,,,,
7,24.5,,,,
6,23.5,,,,
6,23.5,,,,
0,24.5,,,,
2,16,,,,
2,18.75,,,,
3,17,,,,
3,17,,,,
1,12,,,,
1,12,,,,
13,13.5,,,,
14,13.5,,,,
3,12.5,,,,
12,13.5,,,,
1,16.5,,,,
4,19,,,,
2,18,,,,
9,16.5,,,,
4,16.5,,,,
5,16.5,,,,
4,13.5,,,,
3,13.5,,,,
10,19,,,,
10,19,,,,
10,19,,,,
2,13.95,,,,
1,15,,,,
3,13.95,,,,
2,10,,,,
2,11.74,,,,
7,19,,,,
2,19,,,,
1,21,,,,
1,21,,,,
5,35,,,,
3,35,,,,
2,35,,,,
1,36,,,,
7,30,,,,
1,30,,,,
3,31.8,,,,
3,18.5,,,,
5,18.5,,,,
2,16,,,,
2,12,,,,
2,12,,,,
2,12,,,,
1,13.5,,,,
3,13.5,,,,
2,11.5,,,,
3,12,,,,
2,12,,,,
2,11.5,,,,
1,12,,,,
3,19.5,,,,
1,19.5,,,,
1,19.5,,,,
3,19,,,,
10,17.75,,,,
1,19.5,,,,
4,19,,,,
11,17.75,,,,
3,19,,,,
1,19,,,,
2,19,,,,
2,18,,,,
5,19,,,,
10,19,,,,
2,19.5,,,,
0,19,,,,
2,14.5,,,,
8,13.5,,,,
8,14.5,,,,
5,12,,,,
5,12,,,,
2,28,,,,
2,22,,,,
1,12,,,,
12,19.25,,,,
3,19.25,,,,
1,19.25,,,,
0,19.25,,,,
1,20.5,,,,
1,21,,,,
1,18,,,,
5,19,,,,
3,19,,,,
1,18.5,,,,
2,17,,,,
0,18,,,,
9,16.5,,,,
0,23,,,,
4,18,,,,
0,23,,,,
1,23,,,,
1,18,,,,
5,26.5,,,,
2,27,,,,
2,13.03,,,,
2,13.03,,,,
2,16,,,,
1,13.03,,,,
4,21.5,,,,
16,12,,,,
4,19.5,,,,
5,19.5,,,,
1,9.5,,,,
4,13,,,,
3,15,,,,
0,7.5,,,,
12,18,,,,
1,20,,,,
1,20,,,,
3,20,,,,
1,13.5,,,,
1,15.95,,,,
3,18,,,,
4,15,,,,
2,15,,,,
5,15,,,,
5,15,,,,
9,21.45,,,,
2,21.45,,,,
8,21,,,,
1,21,,,,
5,15,,,,
8,23.59,,,,
10,20.59,,,,
10,20.77,,,,
4,16.5,,,,
4,12,,,,
2,12,,,,
9,16,,,,
5,20.25,,,,
1,15,,,,
1,15,,,,
3,18.25,,,,
1,13.88,,,,
1,11,,,,
4,15,,,,
3,23.5,,,,
7,27.5,,,,
7,27.5,,,,
2,13.64,,,,
1,15,,,,
2,18,,,,
6,15,,,,
4,16,,,,
6,12,,,,
6,12,,,,
1,17,,,,
2,17,,,,
2,17,,,,
5,12,,,,
4,14,,,,
3,19,,,,
2,21,,,,
4,12,,,,
4,12,,,,
6,8.57,,,,
3,27,,,,
13,12,,,,
4,24,,,,
4,15,,,,
6,13.5,,,,
6,13.5,,,,
2,13.5,,,,
10,13.5,,,,
1,17,,,,
12,13,,,,
11,14,,,,
3,16,,,,
1,13.71,,,,
3,14,,,,
3,12,,,,
5,12,,,,
3,15.25,,,,
5,15.76,,,,
3,19.5,,,,
3,19,,,,
3,19.5,,,,
1,18.5,,,,
1,18.5,,,,
1,18.5,,,,
0,18.5,,,,
3,14,,,,
6,10,,,,
9,10,,,,
1,15,,,,
2,17,,,,
3,15,,,,
4,6.95,,,,
5,13,,,,
2,12,,,,
1,12,,,,
2,21.5,,,,
3,21.5,,,,
4,21.5,,,,
5,17,,,,
3,17,,,,
5,16,,,,
5,17,,,,
1,8.72,,,,
16,12,,,,
1,12,,,,
16,12,,,,
7,18.5,,,,
10,19.64,,,,
2,30,,,,
2,40,,,,
1,28,,,,
1,30,,,,
5,34,,,,
1,33,,,,
2,32,,,,
1,35,,,,
3,18.5,,,,
1,21.5,,,,
10,17,,,,
1,12,,,,
3,6.46,,,,
1,14.6,,,,
6,6.46,,,,
11,19,,,,
10,18.5,,,,
6,19,,,,
2,14.5,,,,
3,17.5,,,,
2,17.5,,,,
2,12.48,,,,
3,17.5,,,,
15,19.75,,,,
12,19.75,,,,
8,18,,,,
8,18,,,,
8,16,,,,
5,15,,,,
0,15,,,,
1,14,,,,
5,15,,,,
4,21.5,,,,
4,17,,,,
10,17,,,,
4,18,,,,
1,21,,,,
4,17.48,,,,
7,22,,,,
5,22.31,,,,
1,20,,,,
6,19,,,,
8,17,,,,
7,19,,,,
10,19,,,,
7,19,,,,
1,16.5,,,,
4,16.5,,,,
8,19,,,,
1,17,,,,
11,19,,,,
8,20,,,,
6,20,,,,
6,21,,,,
3,22,,,,
1,18,,,,
1,20,,,,
1,20,,,,
1,18,,,,
13,22.5,,,,
9,22,,,,
6,22.5,,,,
7,22.5,,,,
2,24,,,,
4,24,,,,
8,29.5,,,,
9,29.5,,,,
3,29.5,,,,
0,30,,,,
3,35,,,,
2,23,,,,
8,26.88,,,,
2,20,,,,
3,24.76,,,,
0,15,,,,
0,15,,,,
1,17.5,,,,
11,13.5,,,,
11,13.5,,,,
3,40,,,,
10,35,,,,
1,15,,,,
5,17,,,,
5,15,,,,
3,16,,,,
2,17,,,,
3,21,,,,
3,25,,,,
4,35,,,,
1,36,,,,
3,34,,,,
3,38,,,,
1,32,,,,
1,36,,,,
1,32,,,,
5,17,,,,
6,18,,,,
9,18,,,,
3,16,,,,
3,16,,,,
0,17,,,,
1,12,,,,
13,16,,,,
2,16,,,,
5,19,,,,
5,19,,,,
6,19,,,,
12,19,,,,
7,19,,,,
1,16.2,,,,
1,20.8,,,,
5,15,,,,
1,17,,,,
5,15,,,,
0,17,,,,
5,15,,,,
3,17,,,,
10,16.5,,,,
2,20,,,,
10,18,,,,
11,8,,,,
11,8,,,,
1,20,,,,
12,18,,,,
6,16,,,,
6,16,,,,
3,22.5,,,,
0,20,,,,
5,17.5,,,,
7,19.17,,,,
6,11,,,,
7,18.5,,,,
0,17,,,,
2,15,,,,
3,18,,,,
0,17,,,,
3,18,,,,
2,15,,,,
1,16,,,,
7,18.5,,,,
6,18.5,,,,
5,17,,,,
5,18.5,,,,
2,7,,,,
7,7.5,,,,
1,8.5,,,,
2,8.5,,,,
2,8.5,,,,
2,8.5,,,,
3,18.5,,,,
14,18,,,,
8,19,,,,
3,18,,,,
1,20,,,,
3,20,,,,
8,15,,,,
1,16,,,,
6,16,,,,
4,15,,,,
2,15,,,,
0,15,,,,
7,18,,,,
3,19,,,,
14,18,,,,
0,27.5,,,,
2,27.5,,,,
7,25,,,,
2,18,,,,
2,27.5,,,,
2,16,,,,
9,16.5,,,,
8,14.5,,,,
8,14.5,,,,
4,13.4,,,,
2,17.5,,,,
4,17.47,,,,
4,17.62,,,,
6,12,,,,
2,21,,,,
1,18,,,,
10,21.5,,,,
2,21.5,,,,
0,18,,,,
3,17.5,,,,
1,10,,,,
2,15.75,,,,
3,27.5,,,,
2,16.5,,,,
3,10.65,,,,
3,16.5,,,,
3,15,,,,
3,14.19,,,,
1,10.28,,,,
1,8,,,,
7,12.5,,,,
16,25,,,,
7,15,,,,
2,15,,,,
2,25,,,,
11,18,,,,
4,13,,,,
4,13,,,,
4,12.425,,,,
15,16,,,,
15,16,,,,
11,16,,,,
1,11,,,,
2,12,,,,
2,30,,,,
5,18,,,,
3,26,,,,
1,18,,,,
3,22.5,,,,
0,20,,,,
3,24,,,,
8,21,,,,
2,22.5,,,,
1,22.5,,,,
2,18.25,,,,
11,16.95,,,,
0,20,,,,
10,16.95,,,,
13,19,,,,
7,19.25,,,,
3,9.25,,,,
14,25,,,,
5,13.5,,,,
2,13.5,,,,
2,18,,,,
2,16.62,,,,
1,21.6,,,,
2,35.95,,,,
1,36.95,,,,
2,25.95,,,,
2,22.95,,,,
1,21.95,,,,
0,18.95,,,,
1,11.4,,,,
2,19.75,,,,
2,15,,,,
3,15,,,,
3,15,,,,
1,20.75,,,,
1,12,,,,
7,22,,,,
8,23,,,,
0,22,,,,
3,15.5,,,,
10,15.5,,,,
3,14,,,,
1,18.57,,,,
7,18.5,,,,
2,22,,,,
9,17,,,,
6,23,,,,
4,12,,,,
3,14.5,,,,
2,15.75,,,,
1,16,,,,
2,14.95,,,,
16,14.95,,,,
1,18.5,,,,
3,19.5,,,,
4,23,,,,
8,23,,,,
7,23,,,,
6,19.5,,,,
4,23,,,,
1,18.5,,,,
4,18.5,,,,
3,21,,,,
3,23,,,,
3,18.5,,,,
6,18.5,,,,
7,18,,,,
4,19,,,,
1,18,,,,
7,18,,,,
4,19,,,,
7,18,,,,
0,18,,,,
2,18.95,,,,
1,15,,,,
2,15,,,,
2,15,,,,
5,14.95,,,,
3,15.95,,,,
8,15.95,,,,
14,15.5,,,,
14,15.95,,,,
3,10,,,,
9,16.8,,,,
4,20,,,,
1,25,,,,
2,17.52,,,,
12,20,,,,
7,28,,,,
7,28,,,,
1,31.06,,,,
8,28,,,,
2,31.06,,,,
8,28,,,,
2,27,,,,
2,27,,,,
6,32.5,,,,
1,27,,,,
2,12,,,,
5,9.75,,,,
4,9.75,,,,
4,9.75,,,,
6,9.75,,,,
4,38,,,,
3,28.5,,,,
1,30,,,,
1,32,,,,
2,34,,,,
2,32,,,,
1,30,,,,
2,29,,,,
0,29,,,,
2,17.5,,,,
2,18,,,,
1,12.5,,,,
2,13.5,,,,
5,14,,,,
2,16.8,,,,
5,14,,,,
5,14,,,,
5,12,,,,
7,11.5,,,,
7,11.5,,,,
16,10,,,,
2,14.5,,,,
3,14.5,,,,
2,14,,,,
0,18,,,,
4,18,,,,
3,18,,,,
3,19,,,,
1,19,,,,
1,19,,,,
1,16.5,,,,
10,17,,,,
2,17.5,,,,
3,17,,,,
5,16.5,,,,
3,17.5,,,,
1,17.5,,,,
8,17.5,,,,
5,16.5,,,,
0,18,,,,
1,28,,,,
1,26,,,,
2,14,,,,
2,19,,,,
4,20.5,,,,
2,21.6,,,,
5,22,,,,
1,21,,,,
3,9,,,,
5,9,,,,
0,22,,,,
0,22,,,,
2,30,,,,
6,31,,,,
3,32.5,,,,
6,29.5,,,,
1,29.5,,,,
1,27.5,,,,
3,31,,,,
4,17,,,,
1,32,,,,
3,35,,,,
2,32,,,,
1,30,,,,
8,45,,,,
0,32,,,,
0,32,,,,
1,19.5,,,,
5,27,,,,
4,29,,,,
3,18,,,,
4,18,,,,
3,18,,,,
1,18,,,,
5,12,,,,
3,20,,,,
6,23,,,,
2,21.5,,,,
0,14.5,,,,
6,14.5,,,,
6,30.93,,,,
6,30.93,,,,
0,16.16,,,,
0,25,,,,
3,22,,,,
3,22,,,,
0,25,,,,
2,24,,,,
2,28,,,,
1,23.08,,,,
6,21.51,,,,
3,17.78,,,,
2,15,,,,
2,25,,,,
6,22,,,,
1,24,,,,
10,24,,,,
7,24,,,,
6,24,,,,
1,22,,,,
0,12,,,,
2,18,,,,
7,20,,,,
3,19.5,,,,
4,19.5,,,,
6,20,,,,
1,18,,,,
3,18,,,,
2,20,,,,
7,18,,,,
0,18,,,,
0,22,,,,
5,18,,,,
6,18,,,,
1,18,,,,
6,40,,,,
1,29.5,,,,
5,30,,,,
13,30,,,,
5,29.5,,,,
2,29.5,,,,
3,37.5,,,,
2,29.5,,,,
6,29.5,,,,
3,30,,,,
4,29.5,,,,
1,24,,,,
0,24.61,,,,
3,25,,,,
3,29,,,,
5,30,,,,
1,25,,,,
6,29,,,,
0,25,,,,
2,30,,,,
3,38,,,,
0,24,,,,
2,26,,,,
3,22,,,,
2,22,,,,
0,24,,,,
6,28,,,,
3,28,,,,
3,15.92,,,,
11,18.86,,,,
5,17.69,,,,
7,18,,,,
1,18,,,,
1,19.09,,,,
2,19.44,,,,
1,25.04,,,,
1,25,,,,
0,19.09,,,,
2,34,,,,
1,34,,,,
0,34,,,,
2,34,,,,
6,34,,,,
8,33,,,,
7,33,,,,
4,33,,,,
4,33,,,,
3,33,,,,
1,33,,,,
9,33,,,,
7,32,,,,
3,32.5,,,,
7,32,,,,
3,35,,,,
0,38.5,,,,
8,23.5,,,,
4,13.33,,,,
3,13.5,,,,
5,8.5,,,,
14,13,,,,
4,13,,,,
4,16,,,,
2,16,,,,
2,17.74,,,,
1,16,,,,
4,20,,,,
6,20,,,,
0,16,,,,
2,23,,,,
1,25,,,,
4,23,,,,
5,13,,,,
7,13,,,,
3,30,,,,
3,15,,,,
2,24.5,,,,
2,23,,,,
0,23,,,,
2,23,,,,
2,23,,,,
12,23,,,,
3,6.5,,,,
1,32,,,,
1,32,,,,
8,32,,,,
3,32,,,,
3,32,,,,
2,29.61,,,,
2,28,,,,
2,29.65,,,,
1,29.61,,,,
1,17,,,,
1,24.14,,,,
3,27,,,,
6,33,,,,
3,25,,,,
3,25,,,,
4,25,,,,
6,20,,,,
2,17.5,,,,
6,33,,,,
8,33,,,,
9,33,,,,
6,33,,,,
2,16,,,,
4,16,,,,
4,23,,,,
4,34.15,,,,
1,62.5,,,,
1,25,,,,
3,15.65,,,,
10,18,,,,
10,18,,,,
7,20,,,,
0,14,,,,
7,20,,,,
3,14,,,,
0,20,,,,
3,16.5,,,,
7,13,,,,
2,8.87,,,,
5,9.62,,,,
4,8.87,,,,
1,10.65,,,,
7,12,,,,
3,12,,,,
1,16.5,,,,
4,9,,,,
1,9,,,,
1,20,,,,
1,20,,,,
8,18,,,,
1,14,,,,
1,20,,,,
1,15,,,,
0,16,,,,
1,14,,,,
1,14,,,,
4,9,,,,
7,9.62,,,,
5,25,,,,
4,29,,,,
1,29,,,,
5,29,,,,
3,29,,,,
16,30.5,,,,
1,29,,,,
1,29,,,,
2,29,,,,
4,29,,,,
5,29,,,,
5,29,,,,
1,29,,,,
1,19.75,,,,
1,21.75,,,,
2,19.5,,,,
2,18,,,,
2,19.5,,,,
3,19.5,,,,
8,35,,,,
8,30,,,,
3,35,,,,
5,27.5,,,,
13,35,,,,
8,35,,,,
5,27.5,,,,
0,35,,,,
0,21.75,,,,
8,21.75,,,,
1,20.75,,,,
12,19.75,,,,
2,22.75,,,,
3,30.5,,,,
1,29,,,,
1,22,,,,
11,22,,,,
2,65,,,,
2,17.5,,,,
8,15,,,,
3,28.8,,,,
3,43.33,,,,
4,22,,,,
3,10,,,,
2,10.06,,,,
2,13.5,,,,
4,25,,,,
7,25,,,,
4,35,,,,
3,24,,,,
6,25,,,,
7,25,,,,
4,20,,,,
3,26,,,,
4,26,,,,
5,38,,,,
15,40,,,,
13,40,,,,
3,15.95,,,,
1,15.95,,,,
14,12.95,,,,
6,15,,,,
5,12,,,,
2,18,,,,
9,25,,,,
6,25,,,,
2,19,,,,
9,25,,,,
6,25,,,,
10,39,,,,
7,39,,,,
10,39,,,,
10,39,,,,
10,39,,,,
10,39,,,,
10,39,,,,
10,39,,,,
5,29,,,,
8,26,,,,
12,7.96,,,,
0,35,,,,
0,35,,,,
4,49,,,,
2,45,,,,
2,26.5,,,,
3,20,,,,
3,22,,,,
9,22,,,,
9,10,,,,
7,20,,,,
10,20,,,,
12,25,,,,
7,20,,,,
7,20,,,,
2,20,,,,
3,20,,,,
10,20,,,,
8,20,,,,
11,20,,,,
9,20,,,,
2,19,,,,
2,16,,,,
2,16,,,,
1,19.99,,,,
2,14.95,,,,
3,13,,,,
6,15,,,,
2,10,,,,
3,12,,,,
2,17.5,,,,
9,17.5,,,,
1,17.5,,,,
10,17,,,,
7,17,,,,
2,20,,,,
3,13.5,,,,
2,13.5,,,,
1,10,,,,
1,10,,,,
5,10,,,,
1,13.71,,,,
12,30,,,,
0,30,,,,
2,30,,,,
1,30,,,,
6,22.5,,,,
9,22,,,,
10,19,,,,
6,22.5,,,,
9,19,,,,
3,14,,,,
0,14.6,,,,
0,18,,,,
1,20.29,,,,
1,19.85,,,,
4,20.28,,,,
9,30,,,,
1,35.88,,,,
2,27.6,,,,
9,31,,,,
14,39,,,,
5,25,,,,
2,25,,,,
5,25,,,,
1,27.61,,,,
3,13.5,,,,
12,40,,,,
5,25,,,,
5,22,,,,
1,23,,,,
1,21,,,,
6,23.5,,,,
1,29,,,,
4,23,,,,
5,13.09,,,,
4,13.09,,,,
2,13.09,,,,
3,18,,,,
3,18,,,,
11,20,,,,
5,12.12,,,,
5,12.12,,,,
12,12,,,,
9,21,,,,
4,12,,,,
8,16,,,,
3,16,,,,
2,37,,,,
2,37,,,,
2,19.5,,,,
1,19.5,,,,
6,19.5,,,,
10,11,,,,
3,13,,,,
5,28,,,,
3,28.5,,,,
3,30,,,,
3,35,,,,
1,35,,,,
1,14.5,,,,
2,12.5,,,,
9,28,,,,
3,22,,,,
3,22,,,,
7,20,,,,
2,24,,,,
3,20,,,,
2,20,,,,
16,17.5,,,,
1,22,,,,
3,21,,,,
4,21,,,,
1,20,,,,
6,20,,,,
1,24,,,,
2,35,,,,
5,16,,,,
1,25,,,,
0,22,,,,
3,15,,,,
6,13,,,,
5,28.5,,,,
1,26,,,,
6,24,,,,
5,23.5,,,,
5,24,,,,
2,24,,,,
1,27,,,,
3,17,,,,
8,17.5,,,,
4,17.5,,,,
4,17.5,,,,
6,17.5,,,,
5,17.5,,,,
4,19,,,,
2,18,,,,
2,20,,,,
5,17,,,,
5,20,,,,
1,20,,,,
3,20,,,,
3,19,,,,
1,23,,,,
4,21,,,,
3,21,,,,
1,18,,,,
2,25,,,,
4,23,,,,
0,23,,,,
2,20,,,,
2,18,,,,
1,23,,,,
4,17,,,,
1,18,,,,
3,21.75,,,,
1,21.33,,,,
1,12,,,,
3,17,,,,
2,17.5,,,,
1,15,,,,
4,16,,,,
4,16,,,,
12,12,,,,
16,21,,,,
9,12,,,,
6,15,,,,
4,15,,,,
2,25,,,,
16,18,,,,
16,18,,,,
16,18,,,,
15,10,,,,
16,10,,,,
14,10,,,,
15,10,,,,
14,10,,,,
14,10,,,,
2,25,,,,
2,25,,,,
0,40,,,,
3,20,,,,
14,9.95,,,,
3,24,,,,
3,24,,,,
13,10,,,,
1,26,,,,
1,26,,,,
6,27.5,,,,
2,32,,,,
2,21,,,,
3,26,,,,
2,20,,,,
3,20,,,,
1,20,,,,
1,30.1,,,,
2,23,,,,
2,23,,,,
5,8,,,,
8,12,,,,
13,24.5,,,,
7,24.5,,,,
6,24.5,,,,
6,24.5,,,,
1,26.5,,,,
1,10.15,,,,
1,25,,,,
9,21,,,,
14,21,,,,
4,21,,,,
1,16.5,,,,
14,21,,,,
1,12,,,,
9,12,,,,
3,20,,,,
0,15,,,,
2,15,,,,
7,13.95,,,,
8,14,,,,
6,20,,,,
2,14,,,,
15,12.95,,,,
2,14.95,,,,
5,13.95,,,,
1,15.15,,,,
2,6.32,,,,
2,19.5,,,,
2,18.23,,,,
2,20,,,,
6,12,,,,
1,10,,,,
13,29.5,,,,
4,24,,,,
6,34.5,,,,
6,34,,,,
6,34,,,,
1,34.5,,,,
8,24,,,,
7,28,,,,
4,24,,,,
7,29.5,,,,
7,28,,,,
12,24,,,,
16,24,,,,
5,29.5,,,,
8,28,,,,
7,28,,,,
6,29.5,,,,
13,29.5,,,,
4,24,,,,
4,24,,,,
7,28,,,,
8,28,,,,
3,23,,,,
2,21.33,,,,
2,24,,,,
2,19.71,,,,
2,26.09,,,,
3,23.2,,,,
0,17.5,,,,
3,16.5,,,,
1,18,,,,
1,18.4,,,,
9,24.8,,,,
4,14,,,,
3,14,,,,
0,20,,,,
3,23,,,,
13,18,,,,
1,18,,,,
4,22.5,,,,
1,12,,,,
14,30,,,,
5,20,,,,
2,20,,,,
4,20,,,,
3,20,,,,
1,22.5,,,,
1,19,,,,
0,19,,,,
15,10,,,,
3,10,,,,
15,12,,,,
8,17,,,,
1,17,,,,
1,14,,,,
8,15,,,,
2,15,,,,
3,14.95,,,,
6,13,,,,
2,13.5,,,,
2,13.5,,,,
1,35.55,,,,
3,40,,,,
8,17.5,,,,
3,25,,,,
4,14.75,,,,
2,17,,,,
6,17.5,,,,
0,23.5,,,,
1,17,,,,
3,17,,,,
6,13,,,,
2,20,,,,
2,22,,,,
1,24,,,,
0,23.5,,,,
3,23.5,,,,
3,22,,,,
3,24,,,,
0,23.5,,,,
2,19.5,,,,
1,12,,,,
2,27,,,,
3,25,,,,
3,25,,,,
1,33.23,,,,
1,20,,,,
3,20,,,,
3,40,,,,
2,35,,,,
3,34,,,,
1,30,,,,
0,25,,,,
1,25,,,,
8,32,,,,
1,24,,,,
7,25,,,,
11,25,,,,
16,35,,,,
1,25,,,,
3,25,,,,
1,25,,,,
2,30,,,,
1,29.5,,,,
1,30,,,,
3,20,,,,
1,35,,,,
1,26,,,,
3,25,,,,
1,16,,,,
1,16,,,,
2,16,,,,
2,16,,,,
6,25,,,,
0,17,,,,
5,20,,,,
6,20,,,,
12,18,,,,
6,18,,,,
3,14,,,,
5,29,,,,
6,29,,,,
0,30,,,,
2,30,,,,
7,28,,,,
1,30,,,,
2,40,,,,
3,45,,,,
2,40,,,,
2,26,,,,
2,27,,,,
1,27,,,,
0,27.5,,,,
1,27.5,,,,
1,27,,,,
1,27,,,,
1,27,,,,
1,24.5,,,,
6,27,,,,
0,23,,,,
7,38.5,,,,
2,60,,,,
6,26.5,,,,
1,38,,,,
5,34,,,,
4,32,,,,
1,39,,,,
5,40,,,,
2,43,,,,
0,42,,,,
1,27.5,,,,
3,27.5,,,,
3,27.5,,,,
3,27.5,,,,
1,40,,,,
8,23,,,,
2,34,,,,
2,35,,,,
3,35,,,,
14,27,,,,
14,27,,,,
16,25,,,,
13,45,,,,
3,37,,,,
3,35,,,,
5,38,,,,
11,44,,,,
2,37,,,,
6,37,,,,
1,23,,,,
5,35,,,,
11,38.5,,,,
2,38.5,,,,
2,37.5,,,,
5,35,,,,
3,19.5,,,,
2,28,,,,
2,28,,,,
4,28,,,,
2,25,,,,
9,27,,,,
5,24,,,,
4,27,,,,
3,20,,,,
6,27,,,,
4,27,,,,
5,27,,,,
5,27,,,,
2,27,,,,
5,27,,,,
6,28,,,,
7,15,,,,
5,25.5,,,,
2,28,,,,
1,30.72,,,,
2,25,,,,
3,28,,,,
0,32,,,,
3,27,,,,
2,27,,,,
0,32,,,,
1,32,,,,
1,27,,,,
1,32,,,,
6,30,,,,
4,29,,,,
1,32,,,,
0,32,,,,
1,28,,,,
1,25,,,,
0,27,,,,
3,25,,,,
0,30,,,,
2,32,,,,
1,29,,,,
4,33,,,,
9,40.5,,,,
8,40,,,,
8,40.5,,,,
2,34,,,,
2,39,,,,
6,24,,,,
2,35.55,,,,
7,36.92,,,,
3,35.55,,,,
0,58,,,,
5,22,,,,
10,27,,,,
3,50,,,,
1,30,,,,
1,30,,,,
2,30,,,,
2,30,,,,
4,30,,,,
1,30,,,,
1,32,,,,
6,36,,,,
6,18.5,,,,
4,16.5,,,,
4,16.5,,,,
10,20,,,,
1,27,,,,
1,23,,,,
0,27.2,,,,
5,14,,,,
1,15.56,,,,
2,23,,,,
1,19,,,,
13,24,,,,
3,27.5,,,,
5,17.2,,,,
7,41,,,,
4,55,,,,
7,46,,,,
3,38,,,,
8,47.5,,,,
4,47.5,,,,
14,42.5,,,,
4,20.5,,,,
1,27,,,,
1,25,,,,
2,26,,,,
1,31.5,,,,
7,25,,,,
1,26,,,,
7,26,,,,
10,26,,,,
5,28.5,,,,
1,28.5,,,,
1,28.5,,,,
4,29,,,,
4,28.5,,,,
6,28.5,,,,
5,28.5,,,,
5,28.5,,,,
2,20,,,,
1,30,,,,
10,25,,,,
2,25,,,,
1,30,,,,
3,18,,,,
7,35,,,,
9,65,,,,
2,32,,,,
1,27.5,,,,
4,33.5,,,,
1,27.5,,,,
1,25.5,,,,
1,25.5,,,,
2,29.5,,,,
8,21.6,,,,
5,25.2,,,,
13,21,,,,
11,23,,,,
8,31,,,,
6,31,,,,
6,31,,,,
4,23,,,,
6,28,,,,
0,28,,,,
5,23,,,,
5,23,,,,
6,31,,,,
6,31,,,,
2,30,,,,
1,32,,,,
0,30,,,,
3,32,,,,
3,32,,,,
5,32,,,,
1,38,,,,
1,39,,,,
8,33,,,,
5,38,,,,
7,38,,,,
5,35,,,,
0,34,,,,
2,34,,,,
3,24,,,,
0,24,,,,
0,24,,,,
1,24,,,,
1,16.67,,,,
1,27,,,,
2,24,,,,
10,14,,,,
6,14.75,,,,
4,14,,,,
2,24,,,,
7,24,,,,
8,24,,,,
3,24,,,,
3,20,,,,
6,40,,,,
1,50,,,,
1,35,,,,
10,23,,,,
9,47,,,,
2,55,,,,
3,45,,,,
1,20,,,,
7,18,,,,
5,30,,,,
2,28,,,,
2,28,,,,
2,45,,,,
1,15,,,,
0,23,,,,
1,27,,,,
1,28,,,,
1,16.36,,,,
3,11,,,,
2,25,,,,
2,25,,,,
10,35,,,,
3,39,,,,
3,37.5,,,,
3,37.5,,,,
1,46.5,,,,
3,42.5,,,,
1,46.5,,,,
1,37.5,,,,
2,35,,,,
1,38,,,,
13,35,,,,
0,13.79,,,,
8,18.5,,,,
4,16.5,,,,
4,16.5,,,,
4,16.5,,,,
4,16.5,,,,
5,25,,,,
3,25,,,,
2,30,,,,
2,34.5,,,,
3,32,,,,
4,28.5,,,,
1,26,,,,
3,27.5,,,,
2,23,,,,
1,26.4,,,,
1,20.8,,,,
0,17.68,,,,
4,15.39,,,,
5,22.27,,,,
5,17.86,,,,
7,19.21,,,,
2,19.2,,,,
4,18.62,,,,
4,17.41,,,,
4,19.55,,,,
10,18,,,,
6,18.34,,,,
5,22.5,,,,
1,22.5,,,,
1,22.5,,,,
3,17,,,,
0,21,,,,
0,28,,,,
9,18,,,,
6,19,,,,
5,16,,,,
1,25,,,,
1,25,,,,
1,25,,,,
1,25,,,,
1,25,,,,
1,25,,,,
1,25,,,,
1,25,,,,
6,27.5,,,,
7,26,,,,
4,29,,,,
3,28,,,,
8,28,,,,
2,28,,,,
1,40,,,,
2,50,,,,
0,39,,,,
1,39,,,,
1,39,,,,
4,36.5,,,,
2,39,,,,
5,36.5,,,,
11,38,,,,
5,30,,,,
6,30,,,,
14,43,,,,
5,30,,,,
5,30,,,,
3,30,,,,
2,25,,,,
5,43,,,,
0,33,,,,
2,32,,,,
1,33,,,,
3,38,,,,
2,38,,,,
0,38,,,,
1,38,,,,
0,38,,,,
2,34,,,,
0,37,,,,
1,35,,,,
3,34,,,,
2,35,,,,
0,35,,,,
3,34,,,,
2,41,,,,
1,25.71,,,,
1,31,,,,
0,29,,,,
1,29,,,,
12,27,,,,
6,27,,,,
5,24,,,,
0,27,,,,
1,27,,,,
2,27,,,,
1,31,,,,
8,24,,,,
7,27,,,,
0,27,,,,
5,34,,,,
1,34,,,,
0,29.5,,,,
2,34,,,,
10,34,,,,
7,34,,,,
7,28,,,,
0,21,,,,
1,20,,,,
0,20,,,,
1,20,,,,
1,20,,,,
3,23,,,,
1,19,,,,
7,16,,,,
2,25,,,,
9,21,,,,
2,25,,,,
0,25,,,,
5,21,,,,
11,21,,,,
3,27,,,,
2,21.5,,,,
2,21.5,,,,
7,21,,,,
5,21,,,,
1,24,,,,
4,20,,,,
6,24,,,,
1,24,,,,
1,24,,,,
0,24,,,,
1,24,,,,
1,20,,,,
1,20,,,,
4,20,,,,
0,30,,,,
2,22.5,,,,
1,8,,,,
1,8,,,,
3,33.5,,,,
6,33.5,,,,
3,54,,,,
11,57,,,,
1,47.5,,,,
10,51,,,,
10,57,,,,
1,29.5,,,,
5,32,,,,
2,30,,,,
2,29,,,,
3,28,,,,
3,26,,,,
2,28,,,,
2,27,,,,
5,18,,,,
2,27,,,,
5,29,,,,
12,36,,,,
5,23,,,,
0,23,,,,
3,20.43,,,,
0,20,,,,
0,23,,,,
1,47.5,,,,
3,22.5,,,,
3,24,,,,
3,26,,,,
6,28,,,,
2,26,,,,
13,22,,,,
1,21.5,,,,
4,18.5,,,,
3,18.5,,,,
0,21,,,,
3,24,,,,
3,28,,,,
1,27,,,,
1,28,,,,
6,34,,,,
6,29,,,,
2,29,,,,
2,27,,,,
1,33.33,,,,
2,32,,,,
4,36,,,,
8,15,,,,
2,23.04,,,,
2,16.5,,,,
4,12.95,,,,
5,15.95,,,,
6,15.95,,,,
1,14.95,,,,
1,14.95,,,,
5,14.95,,,,
5,14.95,,,,
10,13.95,,,,
2,16.95,,,,
6,22.5,,,,
6,22.5,,,,
5,10.5,,,,
5,10.5,,,,
1,16,,,,
3,15,,,,
3,15,,,,
6,12,,,,
10,12,,,,
2,18,,,,
3,18,,,,
10,11.95,,,,
3,12,,,,
8,12,,,,
6,19.5,,,,
2,16.5,,,,
4,16.5,,,,
6,19.5,,,,
5,19.5,,,,
16,16.5,,,,
1,14,,,,
3,12.5,,,,
1,12.5,,,,
2,12,,,,
1,14,,,,
0,14,,,,
2,18,,,,
4,12,,,,
1,12,,,,
4,14,,,,
0,12.5,,,,
2,12,,,,
2,16,,,,
1,12,,,,
1,12,,,,
1,16,,,,
2,15,,,,
0,14,,,,
7,18,,,,
2,15,,,,
1,14,,,,
6,16,,,,
1,18,,,,
1,18,,,,
0,12,,,,
1,15,,,,
8,12.5,,,,
1,12,,,,
4,12.5,,,,
6,10,,,,
2,12,,,,
4,12,,,,
3,14,,,,
0,12,,,,
4,12.5,,,,
11,19,,,,
2,19,,,,
13,24,,,,
4,24,,,,
2,9.85,,,,
16,29,,,,
11,33,,,,
2,30,,,,
10,30,,,,
1,33,,,,
10,19,,,,
12,20,,,,
6,15.93,,,,
1,18.95,,,,
2,19.95,,,,
1,20.95,,,,
6,17.95,,,,
4,18.95,,,,
1,18.95,,,,
8,18.95,,,,
3,17.95,,,,
4,18.95,,,,
4,17.95,,,,
4,18.95,,,,
0,17.95,,,,
5,17.95,,,,
4,18.95,,,,
3,17.95,,,,
2,28.5,,,,
3,31.5,,,,
3,28.5,,,,
2,26.5,,,,
8,23,,,,
9,23,,,,
0,28,,,,
0,28,,,,
3,41.5,,,,
1,43,,,,
1,28,,,,
2,28,,,,
1,50,,,,
11,17,,,,
7,17,,,,
7,17,,,,
7,17,,,,
7,17,,,,
3,17,,,,
4,17,,,,
3,17,,,,
4,17,,,,
4,17,,,,
0,50,,,,
1,50,,,,
0,50,,,,
6,28,,,,
4,28,,,,
4,43,,,,
4,43,,,,
3,28,,,,
1,31,,,,
8,28,,,,
2,28,,,,
7,28,,,,
2,28,,,,
3,28,,,,
1,31,,,,
3,43,,,,
1,19.95,,,,
1,17.95,,,,
1,17.95,,,,
6,16.95,,,,
3,16.95,,,,
7,18.95,,,,
4,16.95,,,,
1,18.95,,,,
6,19,,,,
7,20.5,,,,
7,20.5,,,,
7,15,,,,
4,14,,,,
1,14,,,,
7,14,,,,
6,14,,,,
2,14,,,,
2,14,,,,
10,24.95,,,,
5,15.95,,,,
2,14.95,,,,
1,10.95,,,,
3,15.95,,,,
3,11.95,,,,
1,16,,,,
8,17,,,,
1,32,,,,
4,32,,,,
4,32,,,,
1,17,,,,
6,17,,,,
4,41,,,,
4,41,,,,
4,41,,,,
2,40,,,,
4,41,,,,
3,42,,,,
2,18,,,,
2,18,,,,
3,50,,,,
7,37.5,,,,
2,9,,,,
12,13.54,,,,
1,19.43,,,,
3,18.31,,,,
7,18.42,,,,
2,18.5,,,,
13,18,,,,
9,18,,,,
9,18,,,,
9,18,,,,
3,52.63,,,,
4,18,,,,
2,17.5,,,,
15,17.5,,,,
11,45,,,,
2,35,,,,
10,35,,,,
14,35,,,,
2,35,,,,
3,35,,,,
13,35,,,,
6,35,,,,
3,35,,,,
1,25,,,,
5,26,,,,
4,26,,,,
3,24.375,,,,
6,23,,,,
7,23,,,,
3,28,,,,
1,23,,,,
2,28,,,,
3,28,,,,
1,28,,,,
2,25,,,,
6,28,,,,
3,24.375,,,,
1,25,,,,
3,24.375,,,,
2,24.375,,,,
1,28,,,,
1,23,,,,
3,23,,,,
2,24,,,,
3,38,,,,
4,28,,,,
2,39,,,,
4,28,,,,
2,39,,,,
2,32,,,,
3,35,,,,
5,30,,,,
3,16,,,,
4,13,,,,
2,20.87,,,,
1,27,,,,
2,32,,,,
5,31,,,,
3,35,,,,
4,32,,,,
3,30,,,,
3,32,,,,
7,35,,,,
9,40,,,,
13,32,,,,
10,28,,,,
3,40,,,,
4,40,,,,
1,27,,,,
0,28,,,,
0,34,,,,
1,35,,,,
2,32,,,,
12,34,,,,
1,22,,,,
2,18,,,,
12,23,,,,
1,26,,,,
6,23,,,,
14,23,,,,
3,23.625,,,,
1,21,,,,
3,25,,,,
2,23,,,,
12,23,,,,
1,26,,,,
12,25,,,,
7,25,,,,
1,29.75,,,,
9,25,,,,
2,25,,,,
2,26,,,,
3,23,,,,
2,21,,,,
10,20,,,,
8,20,,,,
2,13.2,,,,
2,20,,,,
9,38,,,,
9,38,,,,
1,21,,,,
3,21,,,,
2,26,,,,
5,25,,,,
3,21,,,,
3,28.5,,,,
3,29.5,,,,
0,25,,,,
4,26,,,,
4,28.5,,,,
0,28.5,,,,
3,36,,,,
8,36,,,,
1,19,,,,
6,15,,,,
1,16.5,,,,
9,38,,,,
7,28,,,,
4,28,,,,
1,22,,,,
1,22,,,,
9,14,,,,
2,15,,,,
1,10,,,,
1,25,,,,
1,25,,,,
1,25,,,,
16,18,,,,
7,19,,,,
2,18,,,,
10,18,,,,
6,18,,,,
7,28,,,,
3,26,,,,
1,31,,,,
1,23,,,,
6,23,,,,
1,24,,,,
7,16,,,,
8,10.38,,,,
9,23.38,,,,
5,35,,,,
1,25,,,,
2,23,,,,
6,10,,,,
6,10,,,,
6,10,,,,
2,19,,,,
2,19,,,,
2,14.95,,,,
2,15.95,,,,
0,14.95,,,,
5,14.95,,,,
0,14.95,,,,
6,15.95,,,,
3,14.95,,,,
3,14.95,,,,
3,14,,,,
3,14.95,,,,
3,14.95,,,,
10,16.8,,,,
6,16.8,,,,
11,21.25,,,,
2,21,,,,
1,23,,,,
12,21,,,,
2,30,,,,
5,42.5,,,,
4,59,,,,
4,59,,,,
5,59,,,,
9,42,,,,
1,24,,,,
13,18,,,,
1,24,,,,
5,23,,,,
6,23,,,,
1,22,,,,
4,23,,,,
5,23,,,,
11,20.25,,,,
11,20.25,,,,
1,20.25,,,,
1,20.25,,,,
7,21,,,,
3,22,,,,
8,21,,,,
9,22,,,,
1,19.75,,,,
1,21,,,,
2,22,,,,
7,22,,,,
6,22,,,,
4,22,,,,
9,12,,,,
2,34,,,,
3,26.25,,,,
4,35,,,,
5,22,,,,
5,27.5,,,,
1,12,,,,
3,24.75,,,,
5,36,,,,
0,30,,,,
8,19,,,,
2,30,,,,
10,21.5,,,,
0,28,,,,
6,25,,,,
6,25,,,,
6,25,,,,
6,25,,,,
1,25,,,,
1,26,,,,
0,25,,,,
2,29,,,,
2,29,,,,
2,23.5,,,,
3,32,,,,
4,32,,,,
2,49,,,,
3,40,,,,
8,40,,,,
2,30,,,,
1,22,,,,
9,37,,,,
1,22,,,,
8,25,,,,
2,26,,,,
0,25,,,,
7,25,,,,
0,25,,,,
6,48,,,,
7,33,,,,
3,33,,,,
6,38,,,,
1,25,,,,
6,23,,,,
5,23,,,,
3,25,,,,
4,23,,,,
6,25,,,,
3,23,,,,
3,30.5,,,,
5,28,,,,
5,45,,,,
3,27.5,,,,
13,51,,,,
13,51,,,,
8,28,,,,
9,28,,,,
13,51,,,,
4,27,,,,
13,51,,,,
13,51,,,,
1,22,,,,
8,51,,,,
8,51,,,,
1,22,,,,
4,28,,,,
7,28,,,,
7,28,,,,
2,22,,,,
5,28,,,,
3,19,,,,
1,20,,,,
7,10,,,,
7,12,,,,
1,21.6,,,,
0,28,,,,
2,9,,,,
3,20.45,,,,
4,18,,,,
6,32,,,,
0,20,,,,
3,22.5,,,,
2,20.45,,,,
4,26.4,,,,
1,25.85,,,,
4,36.5,,,,
8,27,,,,
3,27.5,,,,
1,27.5,,,,
9,35,,,,
16,27.5,,,,
2,36.5,,,,
1,28,,,,
0,26,,,,
0,23,,,,
5,25,,,,
3,31,,,,
2,30,,,,
1,20.25,,,,
1,23,,,,
4,23,,,,
5,23,,,,
1,30.5,,,,
12,22,,,,
11,25,,,,
5,26,,,,
7,23,,,,
1,26,,,,
6,26,,,,
7,23,,,,
6,25,,,,
1,32,,,,
1,32,,,,
0,32,,,,
3,29,,,,
4,29,,,,
1,14,,,,
2,17,,,,
4,15,,,,
6,18,,,,
5,24,,,,
3,12,,,,
6,12,,,,
3,12,,,,
6,18,,,,
4,18,,,,
3,23,,,,
3,19,,,,
4,20.65,,,,
6,19,,,,
4,19,,,,
3,17,,,,
1,18,,,,
12,17.5,,,,
15,17.5,,,,
5,26.5,,,,
2,40,,,,
3,45,,,,
4,26.5,,,,
2,19,,,,
6,22,,,,
5,16.5,,,,
3,27,,,,
8,27,,,,
3,27.33,,,,
2,27.5,,,,
11,29.5,,,,
2,29.5,,,,
3,25,,,,
3,25,,,,
3,25,,,,
3,30,,,,
7,32,,,,
7,32,,,,
1,29,,,,
2,42,,,,
4,65,,,,
3,45,,,,
1,34,,,,
4,65,,,,
4,65,,,,
2,34,,,,
3,55,,,,
8,45,,,,
1,29,,,,
5,34,,,,
5,11.99,,,,
1,34,,,,
1,45,,,,
0,42,,,,
11,55,,,,
9,55,,,,
10,55,,,,
3,55,,,,
2,34,,,,
2,34,,,,
3,55,,,,
3,30,,,,
6,31.5,,,,
1,57.5,,,,
8,44,,,,
6,24,,,,
5,30,,,,
5,24.5,,,,
5,24.5,,,,
3,25,,,,
4,25,,,,
0,30.855,,,,
6,25,,,,
4,25,,,,
1,25,,,,
1,48,,,,
9,18.5,,,,
7,18,,,,
7,18,,,,
1,25,,,,
11,35,,,,
1,35,,,,
1,30.5,,,,
5,24.5,,,,
7,26,,,,
5,35,,,,
4,18,,,,
4,20.46,,,,
5,20.46,,,,
9,12.5,,,,
5,19.15,,,,
11,17,,,,
9,12,,,,
5,12.5,,,,
2,15,,,,
5,13,,,,
1,15,,,,
0,20.45,,,,
13,22,,,,
5,29.5,,,,
13,26,,,,
3,31,,,,
1,31,,,,
1,40,,,,
10,26,,,,
4,19,,,,
4,19,,,,
5,19,,,,
8,19,,,,
4,27,,,,
3,29,,,,
7,22,,,,
7,22,,,,
7,22,,,,
4,22,,,,
4,22,,,,
4,22,,,,
11,22,,,,
14,22,,,,
7,22,,,,
5,22,,,,
5,22,,,,
1,15,,,,
0,20,,,,
1,50,,,,
3,54.5,,,,
2,40,,,,
2,40,,,,
1,24,,,,
7,40,,,,
1,24,,,,
1,30,,,,
2,20,,,,
0,27.5,,,,
4,22,,,,
4,28,,,,
1,28,,,,
0,22,,,,
0,26,,,,
3,27.5,,,,
2,27.5,,,,
1,28,,,,
2,28,,,,
1,28,,,,
3,21,,,,
6,15,,,,
0,18,,,,
2,37,,,,
4,30,,,,
1,24,,,,
11,32.5,,,,
4,33,,,,
1,24,,,,
11,30,,,,
11,18.5,,,,
6,35,,,,
9,28.5,,,,
6,29,,,,
9,30,,,,
4,38.5,,,,
1,25,,,,
6,17.5,,,,
2,18,,,,
12,16,,,,
4,16,,,,
3,16,,,,
7,16,,,,
5,16,,,,
4,17.5,,,,
5,45,,,,
0,55,,,,
2,29.5,,,,
1,33.5,,,,
1,33.5,,,,
1,33.5,,,,
5,26.5,,,,
3,33.5,,,,
12,26.5,,,,
9,33.5,,,,
10,33.5,,,,
10,11,,,,
14,14,,,,
4,11,,,,
6,13.5,,,,
7,19.13,,,,
2,16.95,,,,
3,16.95,,,,
3,15.95,,,,
0,16.75,,,,
4,16.75,,,,
2,24,,,,
10,20,,,,
10,20,,,,
13,18.5,,,,
1,24,,,,
5,20,,,,
15,10,,,,
1,29.5,,,,
1,37,,,,
1,16.5,,,,
16,13,,,,
16,13,,,,
4,17.75,,,,
2,17.75,,,,
3,17.75,,,,
3,17.75,,,,
1,16,,,,
6,16,,,,
6,16,,,,
2,12,,,,
0,22,,,,
2,22,,,,
0,22,,,,
1,22,,,,
2,22,,,,
3,16.56,,,,
1,12.95,,,,
3,12.5,,,,
1,8.95,,,,
1,12.5,,,,
2,21.5,,,,
6,23,,,,
2,12,,,,
5,15,,,,
3,16,,,,
1,12,,,,
0,15.53,,,,
1,14.4,,,,
16,9,,,,
9,9,,,,
2,9,,,,
12,9,,,,
12,12,,,,
1,16,,,,
4,15,,,,
12,15,,,,
4,23,,,,
7,13,,,,
1,20,,,,
2,12,,,,
2,12,,,,
2,12,,,,
9,14,,,,
1,14,,,,
1,24,,,,
9,13,,,,
2,15,,,,
2,15,,,,
13,15,,,,
9,15,,,,
10,15,,,,
1,15,,,,
2,28,,,,
1,20,,,,
1,20,,,,
1,20.5,,,,
2,24,,,,
3,32.5,,,,
0,32.5,,,,
2,32.5,,,,
6,32,,,,
3,38.5,,,,
2,32,,,,
2,28,,,,
2,28,,,,
11,14,,,,
1,14,,,,
7,14,,,,
9,14,,,,
9,14,,,,
4,15,,,,
3,14.55,,,,
1,15,,,,
1,14.4,,,,
4,13.92,,,,
11,25,,,,
1,15,,,,
1,15,,,,
3,15,,,,
1,28.5,,,,
2,7,,,,
1,8,,,,
3,8,,,,
0,27,,,,
1,23,,,,
6,23.5,,,,
5,23.5,,,,
2,23,,,,
7,27,,,,
2,23,,,,
1,27,,,,
3,27,,,,
4,23,,,,
5,26,,,,
2,27,,,,
1,20,,,,
0,16,,,,
1,14,,,,
1,14,,,,
2,16,,,,
1,15,,,,
5,14.4,,,,
4,16,,,,
2,13,,,,
2,14,,,,
8,15.5,,,,
4,11.5,,,,
4,11.5,,,,
3,29,,,,
1,11.52,,,,
3,26.5,,,,
11,25,,,,
3,12,,,,
1,19,,,,
1,23,,,,
8,15,,,,
2,31.71,,,,
0,20,,,,
6,12,,,,
2,14,,,,
4,11.5,,,,
4,11.5,,,,
1,35,,,,
1,35,,,,
1,35,,,,
1,38,,,,
4,35,,,,
3,35,,,,
2,50,,,,
2,22.5,,,,
15,36,,,,
15,36,,,,
15,36,,,,
4,17.5,,,,
13,18.5,,,,
13,18.5,,,,
8,18.5,,,,
6,18.5,,,,
1,28,,,,
1,10,,,,
8,26.5,,,,
6,26.5,,,,
1,35,,,,
1,29,,,,
6,21.5,,,,
5,21.5,,,,
5,21.5,,,,
1,22.5,,,,
1,22.5,,,,
1,22.5,,,,
1,24.5,,,,
1,22.5,,,,
6,23.5,,,,
6,23.5,,,,
1,23.5,,,,
6,23.5,,,,
7,26.5,,,,
5,25,,,,
1,24.5,,,,
1,24.5,,,,
4,24.5,,,,
5,24.5,,,,
5,24.5,,,,
1,24.5,,,,
4,25,,,,
5,25,,,,
11,17,,,,
11,19,,,,
7,28,,,,
2,28,,,,
5,27,,,,
2,36,,,,
1,32,,,,
1,50,,,,
1,22.5,,,,
1,22.5,,,,
2,22.5,,,,
2,30.98,,,,
1,17,,,,
0,23,,,,
1,29,,,,
2,12,,,,
1,34,,,,
3,34,,,,
1,34,,,,
2,34,,,,
7,18,,,,
3,26.5,,,,
4,26.5,,,,
3,31,,,,
2,32,,,,
3,19,,,,
2,19,,,,
1,39.4,,,,
11,18,,,,
0,30,,,,
4,30,,,,
4,27,,,,
1,28,,,,
3,30,,,,
1,27,,,,
1,33,,,,
16,20,,,,
11,20,,,,
5,17,,,,
1,15,,,,
7,16.5,,,,
3,12,,,,
3,12,,,,
3,10.5,,,,
3,10,,,,
7,21,,,,
3,21,,,,
15,22.5,,,,
2,26,,,,
4,22.5,,,,
3,26,,,,
5,22.5,,,,
4,28,,,,
4,36,,,,
7,37.5,,,,
7,37.5,,,,
4,36,,,,
7,36,,,,
5,27,,,,
4,27,,,,
7,33,,,,
6,34.5,,,,
10,34.5,,,,
3,13.25,,,,
4,13.25,,,,
2,15.5,,,,
0,15.25,,,,
1,21,,,,
9,22.5,,,,
6,22.5,,,,
1,26,,,,
7,26,,,,
1,22,,,,
2,20,,,,
4,23,,,,
9,14,,,,
1,14,,,,
3,14,,,,
0,14,,,,
0,17,,,,
6,11.39,,,,
10,21,,,,
9,21,,,,
3,19.5,,,,
3,19.5,,,,
8,21,,,,
8,15,,,,
2,7.5,,,,
11,15,,,,
3,15.9,,,,
2,18.05,,,,
2,18.07,,,,
3,12,,,,
3,32,,,,
3,20,,,,
1,25,,,,
5,25,,,,
5,25,,,,
4,25,,,,
10,23.5,,,,
4,22,,,,
2,25,,,,
0,25,,,,
5,25,,,,
0,12,,,,
1,12,,,,
0,12,,,,
7,12,,,,
5,19.09,,,,
5,17.92,,,,
1,18.86,,,,
1,20.38,,,,
10,34.5,,,,
1,34.5,,,,
1,34,,,,
4,29,,,,
4,27,,,,
2,21,,,,
2,21,,,,
2,21,,,,
3,30.5,,,,
1,30.5,,,,
1,32.5,,,,
2,20,,,,
1,20.57,,,,
1,20.57,,,,
1,13,,,,
1,22,,,,
1,22,,,,
8,20,,,,
8,20,,,,
16,20,,,,
5,17,,,,
1,16,,,,
1,17.77,,,,
2,17.35,,,,
3,17,,,,
1,16,,,,
1,33,,,,
1,21.5,,,,
3,21.5,,,,
3,21.5,,,,
1,7.5,,,,
1,14,,,,
7,15,,,,
9,15,,,,
2,15,,,,
4,15,,,,
4,22,,,,
1,23,,,,
1,22,,,,
2,25,,,,
0,18,,,,
2,18.95,,,,
2,32,,,,
0,32,,,,
0,27,,,,
3,23,,,,
3,23,,,,
3,23,,,,
1,27,,,,
3,23,,,,
3,23,,,,
1,22.5,,,,
1,12,,,,
3,12,,,,
5,12,,,,
1,38,,,,
4,12,,,,
2,16.8,,,,
10,19,,,,
6,30.5,,,,
9,28,,,,
4,15,,,,
4,15,,,,
4,15,,,,
4,31,,,,
4,11.5,,,,
1,20,,,,
3,13.5,,,,
2,24,,,,
8,24,,,,
1,22,,,,
2,24,,,,
4,24,,,,
2,24,,,,
4,24,,,,
3,16,,,,
1,20,,,,
5,23,,,,
1,16,,,,
3,24.75,,,,
15,25,,,,
3,15,,,,
3,15,,,,
3,15,,,,
2,36,,,,
3,36,,,,
2,36,,,,
1,42,,,,
2,45,,,,
7,17,,,,
1,23,,,,
2,25,,,,
1,25,,,,
5,21,,,,
2,20,,,,
4,22,,,,
3,21,,,,
6,21,,,,
7,21,,,,
2,22.5,,,,
5,32,,,,
5,24,,,,
2,24,,,,
2,24,,,,
6,26.5,,,,
4,23.5,,,,
2,10,,,,
11,31,,,,
1,27.5,,,,
2,31,,,,
4,30,,,,
4,31,,,,
3,30,,,,
5,35,,,,
15,31,,,,
7,31,,,,
5,31,,,,
1,42,,,,
5,42,,,,
5,22,,,,
3,19.75,,,,
3,19,,,,
4,21.5,,,,
2,22,,,,
4,21.5,,,,
5,19,,,,
3,18,,,,
6,34,,,,
6,34,,,,
4,35,,,,
16,34,,,,
6,34,,,,
3,29.5,,,,
2,23,,,,
7,35,,,,
2,45,,,,
3,34,,,,
2,35,,,,
11,34,,,,
8,35,,,,
2,24,,,,
4,35,,,,
3,35,,,,
8,34,,,,
3,34,,,,
5,29.5,,,,
3,45,,,,
3,23,,,,
3,23,,,,
4,23,,,,
2,23,,,,
4,24,,,,
2,34,,,,
12,34,,,,
10,34,,,,
5,35,,,,
3,39.5,,,,
4,35,,,,
11,34,,,,
6,35,,,,
2,44,,,,
2,45,,,,
4,24,,,,
3,40,,,,
4,40,,,,
7,15,,,,
2,18,,,,
4,15,,,,
4,18,,,,
3,38,,,,
2,23.5,,,,
0,24,,,,
1,31,,,,
5,34,,,,
5,34,,,,
5,33,,,,
2,18,,,,
3,22,,,,
2,22,,,,
2,22,,,,
2,22,,,,
0,28,,,,
7,25,,,,
5,24,,,,
7,25,,,,
6,30,,,,
9,19,,,,
8,25,,,,
6,25,,,,
7,25,,,,
7,25,,,,
6,28,,,,
0,25,,,,
2,19,,,,
1,16,,,,
4,15,,,,
7,18,,,,
0,20,,,,
1,15,,,,
1,15,,,,
3,16.8,,,,
3,12,,,,
13,29,,,,
1,18,,,,
4,25,,,,
12,25,,,,
3,35,,,,
4,26,,,,
12,27,,,,
5,28,,,,
6,30,,,,
6,38,,,,
1,45,,,,
1,24,,,,
1,25.5,,,,
4,11,,,,
3,11,,,,
3,15.5,,,,
2,15,,,,
15,17.5,,,,
1,18,,,,
3,18,,,,
2,23,,,,
2,30,,,,
0,35,,,,
2,35,,,,
5,35,,,,
2,35,,,,
16,16,,,,
7,16,,,,
2,16,,,,
1,16,,,,
5,16,,,,
3,16,,,,
0,16,,,,
0,16,,,,
10,16,,,,
5,16,,,,
6,16,,,,
2,14,,,,
4,14,,,,
1,38.5,,,,
2,37,,,,
6,12,,,,
6,11.1,,,,
3,17.5,,,,
1,12.97,,,,
2,18,,,,
2,18,,,,
3,16.25,,,,
3,16.25,,,,
3,16,,,,
7,16.5,,,,
4,16.25,,,,
1,12,,,,
7,12,,,,
0,12,,,,
2,23,,,,
7,16,,,,
10,31.5,,,,
2,8,,,,
2,11,,,,
1,11,,,,
5,8,,,,
2,11,,,,
0,33.33,,,,
4,12.95,,,,
3,12.95,,,,
2,12.95,,,,
8,16.95,,,,
7,16.95,,,,
10,16.95,,,,
6,18,,,,
10,16.95,,,,
5,16.95,,,,
6,16.95,,,,
1,18.2,,,,
3,18.6,,,,
2,15,,,,
10,17.34,,,,
4,25.02,,,,
2,17.5,,,,
2,17.5,,,,
3,17.5,,,,
3,18.5,,,,
2,17.5,,,,
4,17,,,,
11,17.5,,,,
2,17.5,,,,
9,17.5,,,,
5,17,,,,
1,17.5,,,,
1,18,,,,
7,17.5,,,,
10,17.5,,,,
1,17.5,,,,
3,17.5,,,,
5,17.5,,,,
3,9,,,,
15,9.95,,,,
6,19.95,,,,
2,21.35,,,,
3,22.35,,,,
1,20.95,,,,
5,19.35,,,,
3,24.35,,,,
8,17.95,,,,
4,22.35,,,,
6,22.35,,,,
5,17.5,,,,
3,17.5,,,,
1,17.5,,,,
3,17.5,,,,
1,17.5,,,,
2,17.5,,,,
6,17.5,,,,
1,17,,,,
2,10.5,,,,
6,19.75,,,,
8,21.75,,,,
8,21.75,,,,
3,23,,,,
4,23,,,,
1,23,,,,
3,23,,,,
7,7.2,,,,
5,7.2,,,,
9,6.4,,,,
7,7.48,,,,
4,16.75,,,,
3,16.75,,,,
5,11,,,,
1,24,,,,
2,15.95,,,,
1,15.95,,,,
1,15.95,,,,
4,15.95,,,,
10,24,,,,
4,24,,,,
2,24,,,,
7,24,,,,
16,24,,,,
3,25,,,,
2,10,,,,
5,15.95,,,,
1,17.95,,,,
3,17.95,,,,
2,17.95,,,,
4,19.95,,,,
1,15.95,,,,
4,16.95,,,,
6,14.95,,,,
3,15.95,,,,
3,16.95,,,,
8,16.95,,,,
1,14.95,,,,
4,17.95,,,,
5,9.95,,,,
3,14.95,,,,
6,14.95,,,,
3,14.95,,,,
1,15.95,,,,
1,17.95,,,,
2,16.95,,,,
3,17.95,,,,
2,16.95,,,,
1,15.95,,,,
2,14.95,,,,
1,15.95,,,,
4,16.95,,,,
0,18.46,,,,
3,16.8,,,,
15,32,,,,
2,32,,,,
13,24,,,,
2,27,,,,
6,24,,,,
1,21,,,,
2,32,,,,
4,20,,,,
6,22,,,,
2,9.5,,,,
2,12,,,,
2,12,,,,
9,10,,,,
8,18,,,,
4,22,,,,
4,21.94,,,,
2,22.94,,,,
2,21.25,,,,
3,18.5,,,,
7,18.5,,,,
7,20,,,,
15,16.5,,,,
1,14,,,,
1,14,,,,
1,14,,,,
7,8,,,,
6,11,,,,
3,12,,,,
0,21,,,,
1,32.5,,,,
5,21,,,,
5,24,,,,
5,26,,,,
4,39,,,,
3,39,,,,
3,25,,,,
16,9.95,,,,
16,9.95,,,,
8,17.5,,,,
9,17.5,,,,
3,25,,,,
6,24.5,,,,
3,25,,,,
7,27.5,,,,
5,12.5,,,,
5,24.5,,,,
11,24.5,,,,
4,24.5,,,,
6,24.5,,,,
7,24.5,,,,
1,27,,,,
9,21.5,,,,
5,24.5,,,,
4,16,,,,
3,12,,,,
6,9.5,,,,
10,9.5,,,,
2,12,,,,
1,12,,,,
3,16.5,,,,
7,16.5,,,,
8,16.5,,,,
4,13.95,,,,
1,12.95,,,,
5,10,,,,
6,10,,,,
4,13.2,,,,
4,28.5,,,,
4,28.5,,,,
4,28.5,,,,
4,28.5,,,,
4,28.5,,,,
6,30,,,,
3,34,,,,
6,36,,,,
1,24,,,,
1,23,,,,
1,24,,,,
1,30,,,,
4,54.78,,,,
5,14,,,,
1,24,,,,
0,24,,,,
1,12,,,,
5,9,,,,
1,13,,,,
3,14,,,,
9,14,,,,
1,15.5,,,,
3,17,,,,
2,16,,,,
2,16,,,,
6,15,,,,
6,15,,,,
1,20.4,,,,
11,11,,,,
2,11,,,,
11,11,,,,
1,13.09,,,,
0,12,,,,
3,12,,,,
6,15,,,,
6,15,,,,
7,16,,,,
1,17.32,,,,
6,16,,,,
1,23.27,,,,
1,16.8,,,,
2,17,,,,
1,16.2,,,,
3,16.66,,,,
3,16.66,,,,
1,39.5,,,,
8,21,,,,
4,18.75,,,,
2,16,,,,
2,16.81,,,,
2,8.82,,,,
7,19,,,,
5,20,,,,
0,23.5,,,,
11,20,,,,
2,19,,,,
12,19,,,,
2,35,,,,
1,35,,,,
5,12,,,,
4,12,,,,
5,12,,,,
3,13.33,,,,
2,27,,,,
0,29,,,,
8,27.5,,,,
8,27.5,,,,
8,27.5,,,,
4,26.5,,,,
12,29,,,,
8,27.5,,,,
4,27.5,,,,
1,27.5,,,,
5,27.5,,,,
0,27,,,,
0,33,,,,
10,27.5,,,,
8,27.5,,,,
9,27.5,,,,
2,40,,,,
2,40,,,,
2,38,,,,
3,25,,,,
3,25,,,,
2,35,,,,
5,35,,,,
2,28,,,,
2,37,,,,
1,28,,,,
3,36,,,,
1,32,,,,
9,36,,,,
1,32,,,,
2,37,,,,
10,35,,,,
2,37,,,,
15,36,,,,
2,36,,,,
2,28,,,,
4,28,,,,
2,28,,,,
0,26.5,,,,
9,28,,,,
2,21,,,,
2,20,,,,
1,18,,,,
5,29.5,,,,
10,33,,,,
1,33,,,,
3,26,,,,
3,28,,,,
5,28,,,,
1,33,,,,
6,33,,,,
2,34,,,,
5,28,,,,
3,28,,,,
5,33,,,,
0,33,,,,
6,20,,,,
15,28.5,,,,
3,25,,,,
4,28.5,,,,
5,26,,,,
4,29,,,,
1,38,,,,
3,29,,,,
5,29,,,,
1,29,,,,
4,29,,,,
3,29,,,,
1,29,,,,
5,29,,,,
4,29,,,,
4,51,,,,
2,46,,,,
3,49,,,,
1,46,,,,
3,46,,,,
3,46,,,,
1,32,,,,
11,45,,,,
1,42.5,,,,
1,42.5,,,,
4,32,,,,
5,47.5,,,,
5,45,,,,
1,38,,,,
2,45,,,,
1,38,,,,
2,37,,,,
0,45,,,,
3,43,,,,
3,45,,,,
3,45,,,,
4,43,,,,
1,55,,,,
1,43,,,,
3,34,,,,
7,55,,,,
6,29,,,,
13,36,,,,
1,27.5,,,,
2,27,,,,
1,27,,,,
1,27.5,,,,
6,27.5,,,,
6,27.5,,,,
5,27.5,,,,
3,29,,,,
3,29,,,,
5,27.5,,,,
2,29,,,,
3,27.5,,,,
2,25.5,,,,
2,27.5,,,,
3,29,,,,
5,27.5,,,,
5,27.5,,,,
6,29,,,,
1,27,,,,
5,27.5,,,,
3,29,,,,
5,27.5,,,,
5,29,,,,
2,25.5,,,,
1,29,,,,
2,29,,,,
0,27.5,,,,
1,21.6,,,,
7,25.73,,,,
4,33,,,,
3,33,,,,
6,30,,,,
11,30,,,,
8,32,,,,
15,32,,,,
1,24,,,,
1,24,,,,
4,22,,,,
3,32,,,,
1,27,,,,
1,30,,,,
0,32,,,,
1,29,,,,
12,32,,,,
3,28,,,,
0,29,,,,
0,27,,,,
1,30,,,,
2,32,,,,
7,16.8,,,,
1,47.5,,,,
0,47.5,,,,
0,29,,,,
3,29,,,,
0,29,,,,
5,26,,,,
1,30.5,,,,
3,30.5,,,,
5,28,,,,
2,26,,,,
2,27,,,,
0,29,,,,
3,28,,,,
0,28,,,,
1,28,,,,
5,25,,,,
6,25,,,,
1,46,,,,
3,46,,,,
3,18,,,,
0,18,,,,
2,8,,,,
2,9,,,,
1,28.31,,,,
1,28.31,,,,
6,18.5,,,,
10,18.5,,,,
4,21,,,,
4,19,,,,
4,20,,,,
2,21,,,,
2,18.5,,,,
2,17.5,,,,
2,17.5,,,,
2,19,,,,
2,22,,,,
1,10.91,,,,
2,9.82,,,,
1,18,,,,
2,22,,,,
2,20,,,,
3,21,,,,
2,18,,,,
8,17,,,,
3,15,,,,
3,25,,,,
14,22,,,,
4,17,,,,
3,21,,,,
4,17,,,,
4,17,,,,
3,19,,,,
5,30.4,,,,
4,37.89,,,,
0,10.1,,,,
5,11,,,,
2,13,,,,
1,30.6,,,,
2,30,,,,
3,28,,,,
2,15,,,,
2,14,,,,
1,14.5,,,,
9,14.5,,,,
9,14.5,,,,
5,18,,,,
4,18,,,,
14,14.5,,,,
12,14.5,,,,
6,14,,,,
3,15,,,,
8,14,,,,
7,10,,,,
7,10,,,,
7,10,,,,
6,27.21,,,,
15,32,,,,
6,20,,,,
7,10,,,,
11,10,,,,
2,15,,,,
4,17,,,,
15,20,,,,
5,18,,,,
3,18,,,,
9,15,,,,
1,15.5,,,,
1,15.5,,,,
1,12.75,,,,
3,7.7,,,,
6,15.23,,,,
4,18,,,,
8,17.5,,,,
2,17.5,,,,
8,17.5,,,,
9,17.5,,,,
5,17.5,,,,
0,19.5,,,,
1,15,,,,
6,15,,,,
2,21.81,,,,
4,28,,,,
4,28,,,,
1,27,,,,
4,28,,,,
1,27,,,,
1,27,,,,
1,27,,,,
4,28,,,,
8,30.85,,,,
7,35,,,,
7,35,,,,
7,32,,,,
4,60,,,,
5,32,,,,
2,32.5,,,,
7,32.5,,,,
7,24,,,,
2,27,,,,
3,25,,,,
3,21.5,,,,
3,21.5,,,,
5,15,,,,
5,14,,,,
1,15,,,,
2,16,,,,
3,15.28,,,,
1,16.98,,,,
0,7.66,,,,
8,20.38,,,,
6,9.38,,,,
1,19.76,,,,
2,20,,,,
5,9.95,,,,
1,9.95,,,,
1,9.95,,,,
1,9.95,,,,
1,9.95,,,,
1,9.95,,,,
0,9.95,,,,
8,25.5,,,,
8,24,,,,
0,12,,,,
8,19.5,,,,
3,17,,,,
8,17,,,,
4,18.5,,,,
3,17,,,,
3,18.5,,,,
11,17,,,,
6,18.5,,,,
7,18.5,,,,
9,17,,,,
8,15,,,,
5,15,,,,
8,15,,,,
7,19.95,,,,
1,20.95,,,,
10,15.95,,,,
3,15.95,,,,
1,17.95,,,,
1,19.95,,,,
3,12,,,,
1,16.95,,,,
9,22.95,,,,
6,15.95,,,,
1,15.95,,,,
3,13.95,,,,
1,17.95,,,,
2,17.95,,,,
7,15.95,,,,
1,15.95,,,,
2,17.95,,,,
2,16.95,,,,
9,15.95,,,,
5,16.95,,,,
0,16.95,,,,
11,15.95,,,,
2,12,,,,
3,18,,,,
7,20,,,,
1,10,,,,
0,15,,,,
11,15,,,,
2,14,,,,
1,14,,,,
1,14.51,,,,
4,14.5,,,,
1,16,,,,
3,17.25,,,,
4,15.86,,,,
1,12,,,,
2,18.5,,,,
10,9,,,,
6,16,,,,
6,16,,,,
7,23,,,,
6,17.5,,,,
14,18.5,,,,
8,18.5,,,,
16,18.5,,,,
13,12,,,,
13,12,,,,
11,15.5,,,,
3,19.2,,,,
6,19.25,,,,
3,18,,,,
11,18,,,,
10,24.5,,,,
1,17,,,,
4,24.5,,,,
10,24.5,,,,
6,24.5,,,,
4,17,,,,
4,17,,,,
4,17,,,,
3,17,,,,
4,17,,,,
4,17,,,,
4,17,,,,
4,17,,,,
7,17,,,,
2,10,,,,
7,25,,,,
5,24,,,,
6,9.08,,,,
16,17.5,,,,
7,24,,,,
5,24,,,,
5,24,,,,
7,24,,,,
5,24,,,,
7,24,,,,
8,24.5,,,,
8,24.5,,,,
12,21,,,,
1,21,,,,
11,21,,,,
13,21,,,,
2,21,,,,
16,21,,,,
5,21,,,,
2,15,,,,
2,15,,,,
2,15,,,,
1,14.29,,,,
3,16.5,,,,
6,16.5,,,,
6,16.5,,,,
5,15,,,,
4,16.5,,,,
3,15,,,,
2,16.5,,,,
1,15,,,,
2,30,,,,
3,26,,,,
3,26,,,,
2,26,,,,
5,28,,,,
2,23,,,,
2,21,,,,
6,25,,,,
1,26.18,,,,
1,34.91,,,,
1,16.36,,,,
1,20.4,,,,
2,45,,,,
5,57.5,,,,
4,39,,,,
3,49,,,,
5,57.5,,,,
4,45,,,,
4,45,,,,
2,39,,,,
4,57.5,,,,
2,39,,,,
10,49,,,,
5,19,,,,
1,23,,,,
1,23,,,,
4,12,,,,
1,16,,,,
9,14,,,,
2,23,,,,
9,23,,,,
6,23,,,,
2,19,,,,
0,26.67,,,,
5,57.5,,,,
5,57.5,,,,
5,57.5,,,,
3,15.5,,,,
11,18.75,,,,
11,18.75,,,,
11,18.75,,,,
11,18.75,,,,
5,16,,,,
5,30,,,,
7,30,,,,
8,37.5,,,,
7,33.33,,,,
1,21.33,,,,
8,24,,,,
7,25,,,,
5,23,,,,
4,23,,,,
2,21,,,,
1,21,,,,
0,21,,,,
2,21,,,,
3,25,,,,
0,26.5,,,,
5,16,,,,
9,25,,,,
3,25,,,,
3,25,,,,
3,16,,,,
0,24,,,,
3,15,,,,
4,12,,,,
4,12,,,,
13,12,,,,
2,16.2,,,,
1,12,,,,
4,14.4,,,,
1,14.4,,,,
4,14.4,,,,
14,12,,,,
13,9.99,,,,
1,13,,,,
3,14.25,,,,
3,18.94,,,,
3,9.15,,,,
11,10,,,,
9,10.58,,,,
1,14,,,,
4,12.34,,,,
0,12,,,,
0,16,,,,
5,10.58,,,,
4,10.5,,,,
11,14.5,,,,
7,15.5,,,,
13,18.5,,,,
6,14.5,,,,
6,14.5,,,,
0,24,,,,
1,24,,,,
1,24,,,,
4,30,,,,
5,20,,,,
1,12,,,,
1,35,,,,
5,23,,,,
0,23,,,,
2,23,,,,
4,22,,,,
2,23.5,,,,
2,25,,,,
2,13.75,,,,
2,13.75,,,,
2,13.75,,,,
3,15,,,,
1,10,,,,
9,12,,,,
9,12,,,,
9,12,,,,
1,21.27,,,,
1,18.86,,,,
4,17.95,,,,
4,17.95,,,,
1,17.95,,,,
3,17.95,,,,
2,19.95,,,,
4,22.95,,,,
3,20.95,,,,
8,19.95,,,,
1,17.95,,,,
1,17.95,,,,
3,29,,,,
3,29,,,,
10,21.5,,,,
3,29,,,,
14,29,,,,
14,29,,,,
2,18,,,,
2,18,,,,
5,21.5,,,,
3,21.5,,,,
5,17.95,,,,
7,18.95,,,,
3,17.95,,,,
4,22.95,,,,
4,18.95,,,,
8,15.2,,,,
3,18.95,,,,
3,19.99,,,,
8,21,,,,
3,23.5,,,,
4,22,,,,
2,24,,,,
2,24,,,,
2,24,,,,
7,24,,,,
1,22,,,,
1,22,,,,
1,22,,,,
4,22,,,,
2,24,,,,
6,11.65,,,,
1,16.5,,,,
0,20,,,,
4,13.95,,,,
7,13.95,,,,
1,9.95,,,,
2,18.35,,,,
1,9.7,,,,
8,6.75,,,,
1,19.19,,,,
4,15.95,,,,
1,16.95,,,,
2,16.95,,,,
6,12.95,,,,
3,9.95,,,,
12,9.9,,,,
5,9.95,,,,
8,11.38,,,,
8,10,,,,
1,10,,,,
1,23,,,,
1,23,,,,
7,17.5,,,,
2,17.5,,,,
5,20,,,,
6,21,,,,
2,17.5,,,,
2,19,,,,
6,30,,,,
2,19,,,,
1,20,,,,
8,19.5,,,,
1,17.5,,,,
4,28,,,,
0,16.5,,,,
1,17,,,,
5,28,,,,
4,28,,,,
2,19.5,,,,
1,17,,,,
4,10,,,,
1,12,,,,
4,14.5,,,,
1,12,,,,
1,12,,,,
1,12,,,,
4,16,,,,
3,9,,,,
3,12,,,,
1,12,,,,
0,23,,,,
3,23,,,,
2,19.5,,,,
3,12,,,,
1,23,,,,
1,23,,,,
9,19.5,,,,
1,23,,,,
3,24,,,,
2,19.5,,,,
1,19.5,,,,
0,12,,,,
3,12,,,,
1,23,,,,
1,23,,,,
2,24,,,,
4,10.8,,,,
3,12,,,,
2,19.5,,,,
1,23,,,,
2,25,,,,
5,18,,,,
4,23,,,,
8,21,,,,
5,20,,,,
3,23.5,,,,
0,18,,,,
6,20,,,,
6,23,,,,
10,20,,,,
2,16,,,,
5,16,,,,
1,16,,,,
2,17.5,,,,
2,17.5,,,,
2,17.5,,,,
5,23,,,,
10,29.5,,,,
8,29.5,,,,
3,25,,,,
1,27.5,,,,
2,19.5,,,,
14,25,,,,
11,29.5,,,,
7,23,,,,
1,25,,,,
8,18,,,,
0,22,,,,
1,24,,,,
4,19.5,,,,
6,19.5,,,,
3,26,,,,
1,32,,,,
6,7,,,,
6,7,,,,
1,20.5,,,,
0,21.5,,,,
1,17,,,,
1,21.5,,,,
1,18.5,,,,
0,21.5,,,,
3,18,,,,
0,20.5,,,,
9,28,,,,
8,15.25,,,,
1,27,,,,
0,17.4,,,,
1,18.25,,,,
4,27,,,,
6,15,,,,
2,8,,,,
1,22.15,,,,
4,15,,,,
14,21,,,,
1,21,,,,
1,25,,,,
2,32.5,,,,
2,32.5,,,,
6,32.5,,,,
3,32.5,,,,
2,32.5,,,,
1,32,,,,
1,19.5,,,,
3,28,,,,
2,19.5,,,,
5,21,,,,
1,17.5,,,,
1,21,,,,
0,21,,,,
3,28,,,,
4,24,,,,
6,26,,,,
10,17.5,,,,
15,18.5,,,,
14,17.5,,,,
9,34.5,,,,
2,24.5,,,,
0,14.17,,,,
4,12.95,,,,
3,10.95,,,,
1,9.5,,,,
1,9.5,,,,
2,9.5,,,,
1,10.95,,,,
5,9.95,,,,
2,12.95,,,,
1,10.95,,,,
6,12.95,,,,
2,12.95,,,,
3,12.95,,,,
4,10.95,,,,
3,10.95,,,,
4,9.5,,,,
6,12.95,,,,
4,10.95,,,,
2,12.95,,,,
4,34,,,,
3,34,,,,
1,34,,,,
3,31,,,,
1,34,,,,
1,34,,,,
3,18.87,,,,
1,19,,,,
1,17.95,,,,
1,18.5,,,,
10,18,,,,
1,17,,,,
1,18.5,,,,
2,9.5,,,,
1,12.95,,,,
1,9.95,,,,
3,14.5,,,,
1,22.5,,,,
4,15.99,,,,
4,15.52,,,,
1,9.23,,,,
3,20.375,,,,
4,19.75,,,,
2,19.75,,,,
2,19.75,,,,
2,19.75,,,,
4,19.5,,,,
8,18.75,,,,
4,18.75,,,,
1,19.75,,,,
3,20.375,,,,
8,20.875,,,,
0,26.67,,,,
8,18.32,,,,
4,10.86,,,,
1,18,,,,
6,15,,,,
1,16,,,,
1,13.5,,,,
1,13.5,,,,
4,32,,,,
10,16.5,,,,
10,16.5,,,,
10,16.5,,,,
3,14,,,,
2,17.75,,,,
4,15,,,,
0,15,,,,
7,13,,,,
1,15,,,,
0,9.81,,,,
12,17.5,,,,
3,17,,,,
3,14.95,,,,
1,14.95,,,,
3,15.95,,,,
2,14.95,,,,
10,14.95,,,,
4,14.95,,,,
4,15.95,,,,
3,15.95,,,,
3,15,,,,
7,15,,,,
3,13.5,,,,
12,15,,,,
5,15.43,,,,
14,15.5,,,,
9,15.5,,,,
4,12.5,,,,
13,11,,,,
1,11,,,,
5,11,,,,
7,15,,,,
5,16.95,,,,
1,12,,,,
3,12,,,,
5,21.6,,,,
1,19.95,,,,
7,19.95,,,,
6,19.95,,,,
5,18.95,,,,
2,19.95,,,,
6,18.95,,,,
5,18.95,,,,
2,18.95,,,,
1,22.95,,,,
1,17.5,,,,
15,13,,,,
7,19.5,,,,
9,23,,,,
1,17,,,,
12,16.5,,,,
4,16.5,,,,
11,16.5,,,,
2,16.5,,,,
10,16.5,,,,
7,25,,,,
9,24,,,,
4,24.5,,,,
4,23.5,,,,
6,25.5,,,,
3,24.5,,,,
0,24,,,,
6,12,,,,
0,18,,,,
6,15.95,,,,
1,14.95,,,,
1,14.95,,,,
1,14.95,,,,
5,21.5,,,,
2,15.95,,,,
2,14.95,,,,
2,12.5,,,,
0,14.95,,,,
2,15.95,,,,
0,14.95,,,,
2,25,,,,
0,16,,,,
3,14.95,,,,
0,26,,,,
14,12.965,,,,
4,14.18,,,,
5,8,,,,
5,8,,,,
2,14.52,,,,
7,15,,,,
2,16,,,,
3,16,,,,
3,16,,,,
3,16,,,,
2,16,,,,
1,16.95,,,,
1,16.95,,,,
9,9.95,,,,
11,9.95,,,,
5,13.39,,,,
5,13.39,,,,
7,7.5,,,,
7,12.75,,,,
1,22,,,,
1,23,,,,
0,17.45,,,,
6,30,,,,
3,13.44,,,,
5,12.48,,,,
2,24.75,,,,
1,21,,,,
0,24.75,,,,
1,22,,,,
2,22,,,,
3,27.5,,,,
2,24.75,,,,
1,27.5,,,,
2,13.34,,,,
3,20,,,,
2,20,,,,
2,20,,,,
1,19,,,,
2,19,,,,
1,24.54,,,,
7,19,,,,
1,24.33,,,,
9,30,,,,
0,25,,,,
1,14,,,,
9,45,,,,
9,45,,,,
6,9,,,,
2,25,,,,
3,21,,,,
13,15,,,,
6,15,,,,
1,15,,,,
2,15,,,,
1,18,,,,
0,19,,,,
2,19,,,,
1,13,,,,
1,19,,,,
2,16,,,,
4,19,,,,
3,16,,,,
4,19,,,,
2,19,,,,
4,19,,,,
1,14,,,,
1,19,,,,
1,19,,,,
1,19,,,,
1,19,,,,
5,25,,,,
4,13.875,,,,
5,12,,,,
1,12.66,,,,
15,35,,,,
5,31,,,,
3,26,,,,
2,26,,,,
1,35,,,,
3,26,,,,
3,35,,,,
3,26.5,,,,
13,26.5,,,,
3,26.5,,,,
3,31,,,,
3,23.5,,,,
7,24.5,,,,
4,25.5,,,,
9,23,,,,
3,32,,,,
1,16.5,,,,
7,40,,,,
7,40,,,,
3,40,,,,
4,12.5,,,,
1,12.5,,,,
9,23,,,,
1,21,,,,
1,20,,,,
2,22,,,,
4,23.5,,,,
3,12,,,,
1,29.5,,,,
8,29.5,,,,
6,29,,,,
1,30,,,,
1,29.5,,,,
3,25,,,,
2,23.5,,,,
5,23.5,,,,
0,29,,,,
4,23.5,,,,
2,30,,,,
7,29,,,,
5,29,,,,
6,32,,,,
2,14,,,,
4,13.71,,,,
4,18,,,,
4,18,,,,
1,16,,,,
1,22,,,,
2,30,,,,
1,15,,,,
1,15,,,,
1,23,,,,
10,23,,,,
2,23,,,,
1,15,,,,
1,13.8,,,,
7,10.74,,,,
1,15,,,,
0,12.95,,,,
1,16.5,,,,
3,15,,,,
4,16,,,,
6,16,,,,
3,18,,,,
3,15,,,,
11,16,,,,
4,15,,,,
2,15,,,,
4,15,,,,
5,20,,,,
5,20,,,,
1,15,,,,
5,9.625,,,,
4,37.5,,,,
5,27,,,,
6,50,,,,
3,20,,,,
3,20,,,,
3,20,,,,
2,12.5,,,,
7,12,,,,
13,14.5,,,,
0,14.95,,,,
2,14.5,,,,
4,11,,,,
4,12.5,,,,
1,12.5,,,,
2,12.5,,,,
1,16.5,,,,
5,16.5,,,,
2,15.5,,,,
4,16.5,,,,
7,14,,,,
1,14.5,,,,
1,18,,,,
2,18,,,,
1,18,,,,
1,17,,,,
1,18,,,,
1,17.4,,,,
4,17,,,,
4,18,,,,
3,18,,,,
6,17,,,,
6,20,,,,
1,18,,,,
1,18,,,,
1,18,,,,
1,32.63,,,,
2,21.5,,,,
9,15,,,,
2,17,,,,
5,12.5,,,,
5,22,,,,
8,19,,,,
2,16.75,,,,
4,16.75,,,,
3,10.43,,,,
2,19,,,,
2,18.5,,,,
2,14.5,,,,
0,13.5,,,,
2,10.5,,,,
8,8.875,,,,
8,8.875,,,,
8,8.875,,,,
8,8.875,,,,
3,10,,,,
5,12,,,,
5,12,,,,
1,13,,,,
4,9.5,,,,
2,18.5,,,,
7,18.5,,,,
1,18.5,,,,
5,18,,,,
1,18.5,,,,
5,18,,,,
1,14,,,,
6,14,,,,
5,20,,,,
12,16,,,,
5,14.4,,,,
0,18,,,,
15,16,,,,
2,14,,,,
8,13,,,,
3,15,,,,
1,14,,,,
6,14,,,,
2,14,,,,
12,14,,,,
0,11.43,,,,
0,15.75,,,,
15,11,,,,
6,7.48,,,,
5,12,,,,
4,12,,,,
1,10,,,,
7,10,,,,
1,10,,,,
2,10,,,,
4,10,,,,
9,12,,,,
1,15.27,,,,
2,10.81,,,,
0,15,,,,
2,15,,,,
1,17.14,,,,
3,15,,,,
4,14.5,,,,
0,14.5,,,,
6,15,,,,
9,13.2,,,,
11,9.5,,,,
1,9,,,,
6,15,,,,
6,14,,,,
8,19.5,,,,
3,19.5,,,,
1,19.5,,,,
14,19.5,,,,
6,19.5,,,,
6,19.5,,,,
15,20.5,,,,
6,19.5,,,,
7,19.5,,,,
7,19.5,,,,
6,19.5,,,,
2,19.5,,,,
6,19.5,,,,
8,19.5,,,,
7,19.5,,,,
6,19.5,,,,
2,27.69,,,,
7,22.43,,,,
3,11.25,,,,
2,13.5,,,,
1,12,,,,
1,16,,,,
0,16,,,,
2,14,,,,
2,8.95,,,,
6,8.95,,,,
1,19.58,,,,
1,17.72,,,,
5,9,,,,
13,9,,,,
2,13,,,,
7,12,,,,
4,12,,,,
1,9.99,,,,
1,10,,,,
2,13.85,,,,
2,13.85,,,,
4,18,,,,
2,18,,,,
7,14,,,,
7,16,,,,
1,14,,,,
6,16,,,,
2,15,,,,
2,28,,,,
3,30,,,,
4,14,,,,
4,14,,,,
2,11,,,,
1,18.5,,,,
1,18.5,,,,
1,18.5,,,,
5,15,,,,
4,15,,,,
14,45,,,,
3,25,,,,
12,18,,,,
7,15.5,,,,
5,25,,,,
4,10.5,,,,
4,7.83,,,,
2,7.83,,,,
4,27.6,,,,
9,25,,,,
3,23,,,,
4,19,,,,
1,20,,,,
3,17.5,,,,
2,22,,,,
3,22,,,,
0,18,,,,
1,18,,,,
6,20,,,,
10,20,,,,
0,17.5,,,,
6,17.5,,,,
9,17.5,,,,
8,15,,,,
0,10.9,,,,
1,19.17,,,,
3,10.18,,,,
0,15.5,,,,
3,10.83,,,,
4,16.5,,,,
4,16.5,,,,
1,19.57,,,,
9,22,,,,
1,16.55,,,,
5,12,,,,
7,12.76,,,,
1,12,,,,
6,25.2,,,,
1,10,,,,
7,10,,,,
2,10,,,,
3,10,,,,
0,9,,,,
0,16,,,,
1,13.57,,,,
6,13.5,,,,
1,13.5,,,,
2,13.5,,,,
3,14.5,,,,
1,13.5,,,,
7,13.5,,,,
0,11.64,,,,
4,11.15,,,,
2,17.2,,,,
1,18.95,,,,
1,10,,,,
3,12,,,,
4,13.09,,,,
14,20,,,,
1,15,,,,
3,15,,,,
3,15,,,,
14,20,,,,
2,12,,,,
7,12,,,,
7,13.25,,,,
7,13.25,,,,
2,13.25,,,,
7,18.5,,,,
1,11,,,,
4,13,,,,
4,13,,,,
2,13,,,,
4,15,,,,
4,18.5,,,,
4,19.5,,,,
2,19.5,,,,
1,10.52,,,,
1,8.5,,,,
1,14,,,,
1,14,,,,
1,14,,,,
1,14,,,,
1,14,,,,
15,14,,,,
6,10,,,,
15,15,,,,
1,15,,,,
3,15,,,,
2,13,,,,
3,12.5,,,,
6,13.5,,,,
1,13,,,,
6,10.5,,,,
3,10.5,,,,
1,10.5,,,,
3,10,,,,
2,20,,,,
0,12.5,,,,
1,12.5,,,,
11,11.5,,,,
3,11,,,,
1,11.5,,,,
15,9,,,,
2,12.92,,,,
2,12.92,,,,
2,12.92,,,,
13,12.92,,,,
8,6.88,,,,
8,8.85,,,,
1,11.25,,,,
1,24,,,,
5,11,,,,
4,18.5,,,,
4,12,,,,
3,12,,,,
4,11,,,,
10,12,,,,
10,12,,,,
7,12,,,,
10,12,,,,
12,12,,,,
0,12,,,,
7,18,,,,
8,16,,,,
1,16,,,,
5,18,,,,
1,28,,,,
1,17,,,,
4,19.5,,,,
9,18,,,,
12,18,,,,
13,15,,,,
5,16,,,,
3,16,,,,
3,16,,,,
1,11,,,,
1,11,,,,
0,26,,,,
7,23,,,,
1,23,,,,
1,32,,,,
12,18,,,,
2,12,,,,
3,14,,,,
0,14.4,,,,
4,9.75,,,,
5,15,,,,
2,14.4,,,,
2,21,,,,
10,17.5,,,,
6,16,,,,
9,16,,,,
3,16,,,,
3,16,,,,
11,18,,,,
12,22,,,,
10,22,,,,
4,18,,,,
10,18,,,,
7,20,,,,
3,20.92,,,,
1,17.44,,,,
1,19.3,,,,
1,12,,,,
1,20.3,,,,
4,18,,,,
4,18,,,,
2,18,,,,
5,18,,,,
3,25,,,,
4,25,,,,
4,25,,,,
3,16.5,,,,
1,16,,,,
4,17,,,,
1,16,,,,
5,18,,,,
6,16.5,,,,
3,20.95,,,,
4,20.95,,,,
3,26,,,,
1,24.6,,,,
2,24.6,,,,
6,24.6,,,,
5,26,,,,
4,24.6,,,,
7,26,,,,
4,26,,,,
3,26,,,,
3,32.5,,,,
1,32.5,,,,
4,20,,,,
2,19,,,,
0,20,,,,
6,20,,,,
6,19,,,,
4,19,,,,
2,19,,,,
4,20,,,,
4,20,,,,
7,21,,,,
4,15.95,,,,
0,16.95,,,,
3,15.95,,,,
1,15.95,,,,
11,13,,,,
11,13,,,,
0,17,,,,
1,16.25,,,,
7,16.5,,,,
2,16.5,,,,
1,14.5,,,,
1,17,,,,
4,14.5,,,,
1,24.95,,,,
4,16.5,,,,
4,12.5,,,,
14,16.5,,,,
3,9.75,,,,
1,12,,,,
3,12,,,,
5,8.84,,,,
5,8.84,,,,
1,9.95,,,,
1,9.95,,,,
7,9.95,,,,
2,9.95,,,,
1,12.95,,,,
1,9.95,,,,
1,9.95,,,,
1,12.95,,,,
1,9.95,,,,
7,9.95,,,,
2,9.95,,,,
8,9.95,,,,
1,9.95,,,,
2,9.95,,,,
1,12.95,,,,
0,12.95,,,,
3,9.95,,,,
4,19,,,,
2,19,,,,
0,25,,,,
6,24,,,,
1,25,,,,
5,30,,,,
3,25,,,,
3,24,,,,
5,14,,,,
2,12,,,,
3,14.72,,,,
2,17.5,,,,
1,12,,,,
15,8.18,,,,
2,13.5,,,,
2,15,,,,
2,19.2,,,,
3,15,,,,
4,15,,,,
2,15,,,,
6,15,,,,
3,10,,,,
6,13,,,,
2,13,,,,
6,12,,,,
5,12,,,,
9,12,,,,
4,11.62,,,,
4,11.62,,,,
1,16,,,,
7,21,,,,
5,17,,,,
5,17,,,,
5,17,,,,
5,13.33,,,,
3,12,,,,
7,12.5,,,,
0,10,,,,
6,14.18,,,,
2,20.3,,,,
9,22.64,,,,
4,34.5,,,,
7,31,,,,
5,32,,,,
16,27,,,,
10,27,,,,
15,9,,,,
15,9,,,,
15,9,,,,
10,23.5,,,,
2,28,,,,
3,36,,,,
5,29,,,,
1,9,,,,
5,24.75,,,,
5,24.75,,,,
4,25.5,,,,
7,24.75,,,,
1,13,,,,
4,11.57,,,,
5,12.86,,,,
1,12.57,,,,
2,12,,,,
5,18,,,,
13,16.36,,,,
3,15.67,,,,
2,8,,,,
2,7.2,,,,
7,13,,,,
5,13,,,,
1,13,,,,
6,13,,,,
9,7,,,,
2,14.4,,,,
1,17.15,,,,
1,12,,,,
1,15,,,,
1,15,,,,
1,15,,,,
6,15,,,,
1,13,,,,
0,13,,,,
2,13,,,,
6,14,,,,
5,14,,,,
12,14,,,,
7,14,,,,
13,14,,,,
2,13.5,,,,
4,13,,,,
6,13,,,,
1,12,,,,
3,12.86,,,,
1,13.18,,,,
4,10,,,,
3,13,,,,
8,12,,,,
4,12,,,,
7,14,,,,
4,14,,,,
3,14,,,,
4,14,,,,
1,13,,,,
4,14,,,,
1,13,,,,
2,13,,,,
8,14,,,,
3,13,,,,
7,10,,,,
3,15,,,,
5,12,,,,
3,13,,,,
1,13,,,,
1,11.36,,,,
1,11.36,,,,
12,19.2,,,,
3,12.5,,,,
2,12.5,,,,
7,16,,,,
6,15,,,,
12,12.45,,,,
11,24,,,,
3,12.5,,,,
2,12.5,,,,
2,12.5,,,,
2,12.5,,,,
4,12.5,,,,
7,12.5,,,,
4,12.5,,,,
4,12.5,,,,
0,8.4,,,,
1,8.5,,,,
1,8.5,,,,
4,16.25,,,,
4,10,,,,
3,9.5,,,,
6,8.4,,,,
6,8.4,,,,
4,8.4,,,,
2,17.125,,,,
4,9,,,,
4,9.5,,,,
2,12,,,,
4,13,,,,
3,15,,,,
2,13.2,,,,
4,17.54,,,,
4,13,,,,
4,13,,,,
4,13,,,,
13,9,,,,
2,14,,,,
0,7.5,,,,
0,12.4,,,,
0,13,,,,
4,18.64,,,,
9,13,,,,
3,17.74,,,,
3,13,,,,
2,13.85,,,,
7,12,,,,
13,13.85,,,,
11,13.8,,,,
13,9,,,,
10,9,,,,
7,9,,,,
3,13,,,,
7,14,,,,
1,17.66,,,,
10,7.8,,,,
4,7.8,,,,
2,21.6,,,,
11,28,,,,
2,22,,,,
5,10.91,,,,
2,10.91,,,,
4,10.91,,,,
1,17.45,,,,
1,18.89,,,,
2,16.5,,,,
2,16,,,,
0,16,,,,
8,17.5,,,,
3,16,,,,
5,16.67,,,,
2,20.67,,,,
0,21,,,,
9,12.75,,,,
10,18,,,,
5,9,,,,
2,10.5,,,,
2,10.5,,,,
2,12,,,,
2,11,,,,
3,10.9,,,,
3,10.9,,,,
7,8.6,,,,
7,10.71,,,,
1,10.45,,,,
11,12,,,,
3,12,,,,
2,16.5,,,,
8,10,,,,
0,14,,,,
5,12,,,,
1,17.5,,,,
2,11,,,,
9,11,,,,
8,11.95,,,,
2,11,,,,
2,10,,,,
4,10.5,,,,
3,10,,,,
16,8,,,,
8,20,,,,
1,17.13,,,,
12,20,,,,
9,20,,,,
5,20,,,,
2,12,,,,
2,10,,,,
3,11,,,,
3,12,,,,
3,11,,,,
2,14.5,,,,
2,15,,,,
3,15,,,,
8,15,,,,
2,16,,,,
6,15.5,,,,
0,14,,,,
5,10.2,,,,
1,12,,,,
0,16.36,,,,
9,11.55,,,,
1,11.55,,,,
13,12.65,,,,
1,13,,,,
4,13,,,,
0,13,,,,
9,15,,,,
1,20.36,,,,
1,12,,,,
2,14.5,,,,
4,13.15,,,,
7,15,,,,
1,15,,,,
15,15,,,,
8,20.1,,,,
2,17.6,,,,
3,6.1,,,,
4,6.4,,,,
1,12,,,,
2,6.5,,,,
1,16,,,,
12,8.57,,,,
11,8,,,,
11,9.06,,,,
16,16.5,,,,
16,16.5,,,,
3,12,,,,
2,14.5,,,,
2,14.5,,,,
12,12.5,,,,
2,9,,,,
5,17,,,,
2,14.95,,,,
3,11,,,,
3,11,,,,
4,14.95,,,,
4,14.95,,,,
9,14.95,,,,
6,14.95,,,,
1,23,,,,
7,17.64,,,,
6,23,,,,
6,12,,,,
11,16,,,,
11,16,,,,
11,16,,,,
11,16,,,,
0,11.25,,,,
3,13.38,,,,
2,13,,,,
2,13,,,,
5,11,,,,
3,11,,,,
10,11,,,,
1,7,,,,
4,17,,,,
7,15,,,,
3,14,,,,
8,17,,,,
5,17,,,,
8,14.5,,,,
1,12.5,,,,
5,12.5,,,,
5,14.5,,,,
2,14.5,,,,
5,12.5,,,,
5,12.5,,,,
6,12.5,,,,
0,8.5,,,,
1,16.68,,,,
8,14,,,,
8,14,,,,
1,17,,,,
11,14,,,,
8,14,,,,
8,17,,,,
9,17,,,,
11,15,,,,
2,15,,,,
2,15,,,,
4,16,,,,
1,15,,,,
5,17.59,,,,
7,10,,,,
5,12.9,,,,
2,16,,,,
8,14,,,,
8,14,,,,
14,14,,,,
6,8.53,,,,
16,8.95,,,,
16,8.95,,,,
5,10.5,,,,
3,13,,,,
2,11.62,,,,
3,15.09,,,,
4,9,,,,
3,8.5,,,,
5,9.5,,,,
11,12.5,,,,
5,7,,,,
11,12.5,,,,
1,9,,,,
9,15,,,,
8,12,,,,
2,9.5,,,,
2,10.5,,,,
3,9,,,,
3,7.33,,,,
1,12,,,,
4,13.9,,,,
11,18,,,,
9,7.25,,,,
3,12,,,,
6,8,,,,
7,10,,,,
1,10,,,,
0,19.5,,,,
8,9.5,,,,
3,14.22,,,,
0,12,,,,
2,17.5,,,,
11,13,,,,
12,13,,,,
2,17.5,,,,
15,13,,,,
4,9.21,,,,
4,9.21,,,,
8,8.73,,,,
8,8.73,,,,
3,12.86,,,,
11,12.1,,,,
4,28.84,,,,
10,21,,,,
11,17.45,,,,
7,19.88,,,,
11,15,,,,
8,16.72,,,,
0,13.5,,,,
2,14,,,,
13,12.75,,,,
3,12,,,,
2,10.5,,,,
2,14,,,,
12,13,,,,
4,10,,,,
9,12,,,,
4,10,,,,
7,10,,,,
12,12,,,,
3,12,,,,
4,10,,,,
2,15,,,,
8,15.6,,,,
4,10.5,,,,
2,12,,,,
1,12,,,,
1,12,,,,
2,12.5,,,,
9,10.46,,,,
3,10.66,,,,
12,15.31,,,,
5,18,,,,
1,16,,,,
6,13,,,,
6,13,,,,
2,12.15,,,,
2,12.15,,,,
4,13.5,,,,
1,13.5,,,,
7,12.09,,,,
2,14.75,,,,
3,13,,,,
5,12.75,,,,
4,15.5,,,,
2,10,,,,
2,14.75,,,,
2,14.75,,,,
2,14.75,,,,
3,15.75,,,,
0,14,,,,
6,12.5,,,,
1,14.5,,,,
1,11.5,,,,
4,11,,,,
2,13,,,,
5,14.94,,,,
7,12,,,,
1,21.6,,,,
3,25,,,,
0,20,,,,
10,13.5,,,,
1,15,,,,
1,20,,,,
8,20,,,,
6,11,,,,
2,16.7,,,,
9,12,,,,
1,12,,,,
1,14.67,,,,
1,7.9,,,,
3,11,,,,
1,12,,,,
1,13.5,,,,
1,13.5,,,,
1,13.5,,,,
1,21,,,,
2,16.5,,,,
2,16.5,,,,
5,17.5,,,,
4,17.5,,,,
4,10,,,,
0,10,,,,
9,18.75,,,,
2,18.75,,,,
1,13,,,,
1,17,,,,
0,17,,,,
2,16,,,,
6,27,,,,
6,25,,,,
1,18.5,,,,
2,21.84,,,,
0,22.08,,,,
4,18.75,,,,
3,14.9,,,,
2,13.53,,,,
2,11.62,,,,
2,16.4,,,,
10,15.66,,,,
8,17.5,,,,
1,14,,,,
1,14,,,,
5,29,,,,
7,29,,,,
5,18,,,,
6,20,,,,
1,18,,,,
3,18,,,,
13,15,,,,
5,16,,,,
4,16,,,,
3,16,,,,
3,16,,,,
11,16,,,,
5,16,,,,
12,12,,,,
7,12,,,,
3,16,,,,
3,19,,,,
6,16,,,,
0,16,,,,
15,20,,,,
4,35,,,,
7,18,,,,
1,20,,,,
1,20,,,,
4,25,,,,
4,18.5,,,,
1,19,,,,
1,25,,,,
3,32.25,,,,
5,11,,,,
2,12,,,,
3,12,,,,
3,17.5,,,,
2,15,,,,
4,17.5,,,,
7,17,,,,
4,17,,,,
3,14,,,,
3,9,,,,
6,10,,,,
2,9,,,,
3,9,,,,
5,16,,,,
7,15,,,,
5,15,,,,
10,16,,,,
5,15,,,,
5,16,,,,
3,16,,,,
3,16,,,,
5,15,,,,
4,16,,,,
2,16,,,,
2,16,,,,
2,16,,,,
4,12,,,,
1,12,,,,
13,9,,,,
6,16,,,,
4,16,,,,
2,20,,,,
10,13.33,,,,
3,15,,,,
9,16,,,,
1,19.5,,,,
2,50,,,,
6,18.4,,,,
1,20,,,,
8,6.95,,,,
1,11,,,,
6,11,,,,
6,11,,,,
5,19.5,,,,
1,14,,,,
2,12,,,,
2,12,,,,
1,14,,,,
6,15,,,,
3,29.19,,,,
2,28,,,,
10,15,,,,
10,15,,,,
8,15,,,,
9,15,,,,
11,15,,,,
6,14,,,,
6,14,,,,
2,20.85,,,,
6,20,,,,
3,16,,,,
3,16,,,,
6,15,,,,
11,13.2,,,,
11,13.2,,,,
2,48,,,,
6,56.72,,,,
4,24,,,,
3,24,,,,
8,12,,,,
10,12,,,,
3,16.5,,,,
4,17,,,,
4,17,,,,
4,12.15,,,,
5,12.15,,,,
3,18,,,,
13,16.5,,,,
4,14.5,,,,
7,14.18,,,,
6,12,,,,
5,12,,,,
5,12,,,,
4,18,,,,
6,16,,,,
2,18,,,,
3,22.66,,,,
0,22.47,,,,
7,17.54,,,,
3,17,,,,
2,16,,,,
2,16,,,,
6,16,,,,
5,13.09,,,,
3,13.09,,,,
3,14,,,,
13,13.45,,,,
2,20,,,,
12,15,,,,
4,13.2,,,,
6,17,,,,
3,15,,,,
1,16,,,,
1,16,,,,
1,16,,,,
2,8.5,,,,
1,8.5,,,,
7,11,,,,
7,11,,,,
4,10,,,,
1,13,,,,
1,12,,,,
1,12,,,,
6,12,,,,
1,12.38,,,,
15,15.5,,,,
15,15.5,,,,
15,15.5,,,,
3,15.5,,,,
2,26.5,,,,
4,26,,,,
1,24.5,,,,
1,26,,,,
3,26,,,,
2,23.5,,,,
3,29,,,,
4,24.5,,,,
0,18,,,,
2,21,,,,
3,12,,,,
2,17.5,,,,
1,17.5,,,,
10,19,,,,
1,20.5,,,,
3,18,,,,
3,18,,,,
3,18,,,,
2,17,,,,
13,18,,,,
8,19,,,,
3,19,,,,
9,16.5,,,,
4,16.5,,,,
9,20,,,,
1,20,,,,
4,19.5,,,,
1,19.5,,,,
1,19.5,,,,
5,19.5,,,,
3,20,,,,
5,20,,,,
15,20,,,,
5,21,,,,
15,19,,,,
3,20.5,,,,
2,24,,,,
6,20.5,,,,
1,24,,,,
7,21,,,,
13,21,,,,
10,21,,,,
0,24,,,,
3,21,,,,
0,24,,,,
5,21,,,,
3,20,,,,
10,20,,,,
5,18,,,,
12,20,,,,
7,20,,,,
15,19,,,,
4,20,,,,
1,18,,,,
5,19,,,,
5,17.5,,,,
4,20,,,,
0,18,,,,
2,23,,,,
3,23,,,,
2,21,,,,
15,23,,,,
4,18,,,,
8,17,,,,
1,19.5,,,,
3,18,,,,
4,17.4,,,,
7,18,,,,
4,13.5,,,,
7,13.5,,,,
9,15,,,,
3,9.5,,,,
3,12,,,,
4,30,,,,
6,27.5,,,,
3,14.75,,,,
1,12.75,,,,
15,17.5,,,,
3,16,,,,
1,14.5,,,,
3,16,,,,
1,21,,,,
5,21,,,,
3,19.5,,,,
10,21,,,,
9,20,,,,
0,25,,,,
6,27.5,,,,
2,15,,,,
3,16,,,,
3,16,,,,
3,16,,,,
3,16,,,,
10,17.5,,,,
8,17.5,,,,
7,12,,,,
7,12,,,,
7,12,,,,
1,25,,,,
4,19.95,,,,
6,18.95,,,,
2,18.95,,,,
1,19.95,,,,
4,18.95,,,,
6,19.95,,,,
1,19.95,,,,
1,18.95,,,,
4,18.95,,,,
4,14.85,,,,
1,15.95,,,,
1,15.95,,,,
6,15.95,,,,
7,15.95,,,,
4,15.95,,,,
4,15.95,,,,
5,19,,,,
1,12.57,,,,
1,12,,,,
4,12.31,,,,
7,12.92,,,,
2,12,,,,
3,12,,,,
6,15,,,,
5,15,,,,
7,15,,,,
3,15,,,,
2,16,,,,
5,15,,,,
8,16,,,,
3,15,,,,
8,15,,,,
1,16,,,,
3,15,,,,
3,15,,,,
4,18.26,,,,
4,20,,,,
4,28,,,,
2,30,,,,
16,28,,,,
14,28,,,,
14,28,,,,
16,28,,,,
1,38,,,,
15,28,,,,
2,38,,,,
1,38,,,,
4,35,,,,
5,18,,,,
1,13.5,,,,
1,9.15,,,,
2,16.5,,,,
2,16.04,,,,
2,15,,,,
1,18.04,,,,
2,17.42,,,,
4,18.08,,,,
4,17.43,,,,
0,25,,,,
0,25,,,,
5,15.53,,,,
9,12,,,,
4,16.36,,,,
2,12,,,,
2,15,,,,
2,17,,,,
3,18,,,,
2,17,,,,
1,20,,,,
2,15,,,,
4,15,,,,
2,13.6,,,,
1,19,,,,
1,28,,,,
2,37,,,,
4,12,,,,
0,13.25,,,,
1,21.25,,,,
2,28.5,,,,
3,24.5,,,,
2,24.5,,,,
1,24.5,,,,
13,26,,,,
5,28.5,,,,
1,30,,,,
1,28.5,,,,
3,13.25,,,,
5,28.5,,,,
1,13.41,,,,
2,14.11,,,,
2,19,,,,
5,16.13,,,,
1,24,,,,
5,22,,,,
2,15,,,,
1,23,,,,
1,24,,,,
3,28.5,,,,
3,28.5,,,,
5,28,,,,
3,28,,,,
3,28,,,,
8,12.5,,,,
7,12.5,,,,
4,15,,,,
1,14,,,,
4,12.95,,,,
3,13.25,,,,
9,12.95,,,,
4,12.95,,,,
1,27,,,,
3,27,,,,
1,24,,,,
7,24,,,,
1,24,,,,
15,12.95,,,,
7,18.5,,,,
6,22,,,,
2,22,,,,
6,21,,,,
3,18,,,,
5,18.5,,,,
3,18.5,,,,
4,18.5,,,,
6,18.5,,,,
0,19,,,,
3,22,,,,
1,22,,,,
0,22,,,,
5,22,,,,
1,22,,,,
1,16,,,,
2,16,,,,
2,16.5,,,,
1,16,,,,
8,16,,,,
4,16,,,,
9,16.5,,,,
5,16.5,,,,
3,12,,,,
3,22,,,,
3,22,,,,
3,22,,,,
3,22,,,,
3,22,,,,
0,21,,,,
4,22,,,,
1,18,,,,
0,24,,,,
2,24,,,,
2,24,,,,
4,19,,,,
1,19.43,,,,
1,21.5,,,,
1,30,,,,
3,30,,,,
1,30,,,,
2,17.5,,,,
2,19,,,,
2,18,,,,
4,23,,,,
1,23,,,,
6,40.5,,,,
12,39.5,,,,
3,46,,,,
3,18,,,,
3,16.5,,,,
8,40,,,,
7,35,,,,
13,35,,,,
3,25,,,,
3,25,,,,
1,33,,,,
0,24,,,,
0,25,,,,
8,29.5,,,,
4,25,,,,
1,54,,,,
6,42.5,,,,
0,50,,,,
1,45,,,,
2,25,,,,
6,30,,,,
1,28,,,,
0,17,,,,
1,17.5,,,,
2,18,,,,
5,18,,,,
2,13.72,,,,
2,19.45,,,,
5,14.5,,,,
3,14.5,,,,
4,14.75,,,,
2,14.75,,,,
6,12,,,,
2,12,,,,
2,22,,,,
1,20,,,,
2,18,,,,
2,18,,,,
0,26.25,,,,
1,26.25,,,,
4,26.25,,,,
3,26.25,,,,
3,29,,,,
6,10,,,,
9,10,,,,
4,14,,,,
7,12,,,,
0,17.5,,,,
2,17.5,,,,
5,17.5,,,,
3,17.5,,,,
0,19,,,,
2,19,,,,
2,19,,,,
4,14.95,,,,
2,15.95,,,,
0,14.95,,,,
11,15.95,,,,
11,15.95,,,,
3,15.95,,,,
7,15.95,,,,
3,14.95,,,,
1,14.95,,,,
11,37,,,,
9,10.25,,,,
2,7.32,,,,
10,9,,,,
5,11.75,,,,
1,13.26,,,,
4,16.5,,,,
2,16.5,,,,
1,18.5,,,,
4,18.5,,,,
4,18.5,,,,
6,13.5,,,,
5,15,,,,
3,20,,,,
7,15,,,,
6,15,,,,
1,13,,,,
2,12,,,,
4,16,,,,
3,16,,,,
1,15.88,,,,
4,14.46,,,,
4,18.5,,,,
0,20,,,,
2,21.75,,,,
1,21.75,,,,
5,21.75,,,,
5,21.75,,,,
5,21.75,,,,
4,24,,,,
1,24,,,,
2,23,,,,
12,12.73,,,,
8,32.5,,,,
13,30,,,,
4,25,,,,
3,32,,,,
4,32,,,,
6,32,,,,
12,23,,,,
1,23,,,,
5,23,,,,
1,32,,,,
5,32.5,,,,
7,34,,,,
8,28,,,,
3,29,,,,
1,32,,,,
2,17,,,,
2,17,,,,
3,55,,,,
9,45,,,,
9,45,,,,
6,34,,,,
6,34,,,,
9,45,,,,
2,18,,,,
0,18,,,,
5,21.5,,,,
1,21.5,,,,
2,21.5,,,,
0,13,,,,
0,29,,,,
1,27,,,,
1,27,,,,
4,27,,,,
9,34,,,,
2,27,,,,
4,27,,,,
2,29,,,,
2,26.5,,,,
0,26.5,,,,
6,14.95,,,,
7,14.95,,,,
1,15.95,,,,
3,16.95,,,,
4,14.95,,,,
5,14.95,,,,
0,14.95,,,,
9,16.95,,,,
8,18.95,,,,
1,15.95,,,,
11,15.95,,,,
1,14.95,,,,
4,19.35,,,,
1,15.95,,,,
1,14.95,,,,
4,12.54,,,,
4,15.95,,,,
4,15.95,,,,
1,14.95,,,,
2,16.95,,,,
6,14.95,,,,
1,27,,,,
1,20,,,,
1,16.5,,,,
13,16.5,,,,
1,16.5,,,,
15,13.5,,,,
9,13.5,,,,
8,12,,,,
5,59,,,,
2,36,,,,
3,55,,,,
2,43,,,,
2,34,,,,
4,38,,,,
0,45,,,,
0,46,,,,
1,27.5,,,,
2,27.5,,,,
3,37,,,,
11,17,,,,
1,15.5,,,,
1,39,,,,
2,42,,,,
3,39,,,,
0,19,,,,
0,17,,,,
2,17,,,,
2,26,,,,
4,22.5,,,,
0,17,,,,
1,22.5,,,,
4,25,,,,
1,27,,,,
2,15.3,,,,
5,15,,,,
2,11.575,,,,
7,12,,,,
7,12,,,,
3,10,,,,
3,10,,,,
4,22,,,,
6,22,,,,
4,22,,,,
3,12,,,,
1,13.6,,,,
3,12,,,,
2,16.5,,,,
2,17.4,,,,
1,18.8,,,,
3,18,,,,
5,21,,,,
9,20,,,,
12,18,,,,
6,22,,,,
4,18.5,,,,
1,22,,,,
1,27,,,,
1,27,,,,
2,13.6,,,,
2,13.6,,,,
3,9.75,,,,
1,7.375,,,,
3,9,,,,
3,9,,,,
3,9,,,,
2,16,,,,
4,19,,,,
2,12,,,,
5,12,,,,
2,14,,,,
2,9.3,,,,
0,22.2,,,,
3,7.5,,,,
3,15.18,,,,
10,12.6,,,,
10,12.6,,,,
5,12.6,,,,
2,8.7,,,,
13,9,,,,
2,32,,,,
4,9.42,,,,
3,19.91,,,,
3,14,,,,
8,9,,,,
6,19.76,,,,
3,15,,,,
3,16,,,,
1,27,,,,
5,45,,,,
1,13,,,,
2,14,,,,
7,12,,,,
2,13,,,,
3,14,,,,
5,13,,,,
1,41,,,,
3,25,,,,
3,25,,,,
1,41,,,,
0,13,,,,
0,13,,,,
3,13.75,,,,
3,17,,,,
4,17,,,,
3,9.82,,,,
4,9.82,,,,
0,9.82,,,,
2,9.82,,,,
8,15,,,,
8,14.77,,,,
7,12,,,,
1,20,,,,
6,16,,,,
2,14,,,,
2,25.5,,,,
8,25,,,,
2,14,,,,
1,18,,,,
1,16,,,,
1,16.55,,,,
3,15,,,,
1,16.55,,,,
7,15,,,,
11,15,,,,
3,16,,,,
4,16,,,,
2,15,,,,
4,15,,,,
5,15,,,,
7,15,,,,
4,20,,,,
9,20,,,,
10,25,,,,
6,20,,,,
6,20,,,,
8,25,,,,
6,18,,,,
0,29,,,,
1,11.14,,,,
4,10,,,,
3,10,,,,
3,10,,,,
10,12,,,,
2,13.2,,,,
2,16.95,,,,
2,16.4,,,,
2,16.83,,,,
2,17.25,,,,
4,17.25,,,,
2,17.6,,,,
0,19.75,,,,
2,12.63,,,,
5,25,,,,
14,10,,,,
9,20.75,,,,
2,18.49,,,,
1,15.27,,,,
2,11,,,,
1,10,,,,
2,13,,,,
1,12,,,,
3,19,,,,
6,17.05,,,,
1,14.67,,,,
7,12,,,,
5,12,,,,
2,14,,,,
1,15,,,,
12,9,,,,
7,20,,,,
7,20,,,,
2,20,,,,
4,14,,,,
4,14,,,,
8,13,,,,
4,18,,,,
3,17,,,,
6,13,,,,
2,13.62,,,,
2,13.84,,,,
1,15,,,,
4,17,,,,
4,17,,,,
3,17,,,,
1,19.5,,,,
5,9.95,,,,
2,10,,,,
5,22.5,,,,
5,25,,,,
5,23,,,,
4,16.5,,,,
1,12,,,,
3,8,,,,
0,20,,,,
1,25,,,,
1,23.82,,,,
1,23.82,,,,
3,30,,,,
3,32,,,,
3,12,,,,
2,18,,,,
9,11.93,,,,
2,18,,,,
2,18,,,,
4,20,,,,
6,18,,,,
7,20,,,,
5,19,,,,
7,18.5,,,,
6,18,,,,
7,20,,,,
4,15.5,,,,
4,15.5,,,,
4,15.5,,,,
2,15,,,,
7,20,,,,
10,20,,,,
11,19,,,,
8,15.5,,,,
2,15.5,,,,
1,18.5,,,,
14,18.5,,,,
3,7.2,,,,
4,16,,,,
2,16,,,,
2,16,,,,
5,16,,,,
10,18,,,,
3,23,,,,
3,23,,,,
5,20.5,,,,
0,13,,,,
3,19,,,,
9,18.5,,,,
3,48,,,,
10,48,,,,
1,11.07,,,,
1,15,,,,
7,22,,,,
5,22,,,,
1,16,,,,
7,15.27,,,,
6,18.5,,,,
2,22,,,,
2,13.71,,,,
5,9.6,,,,
8,26,,,,
1,52.17,,,,
0,11.25,,,,
3,11.25,,,,
1,26,,,,
1,26,,,,
1,26,,,,
2,32,,,,
13,17,,,,
8,17,,,,
3,29,,,,
3,29,,,,
5,27.5,,,,
4,34,,,,
13,18.5,,,,
3,17.5,,,,
1,10,,,,
1,11,,,,
0,17,,,,
4,17,,,,
9,13.63,,,,
4,17,,,,
5,12,,,,
2,13.5,,,,
2,13.5,,,,
6,13.5,,,,
1,12,,,,
2,13.5,,,,
1,13.5,,,,
1,18,,,,
3,18,,,,
2,18,,,,
5,18,,,,
4,17,,,,
3,18,,,,
5,20,,,,
3,20,,,,
4,18,,,,
0,20,,,,
1,20,,,,
1,20,,,,
2,34,,,,
2,34,,,,
2,34,,,,
1,34,,,,
3,31,,,,
1,30,,,,
3,31,,,,
6,20,,,,
6,20,,,,
3,34,,,,
2,28,,,,
1,35,,,,
2,23.5,,,,
5,23.5,,,,
6,27.5,,,,
15,24.5,,,,
0,25,,,,
1,27.5,,,,
4,25,,,,
1,31.71,,,,
1,38.22,,,,
0,12,,,,
1,18.5,,,,
3,18.5,,,,
3,14,,,,
2,20,,,,
4,23,,,,
5,20,,,,
4,21,,,,
2,21,,,,
14,9.5,,,,
14,9.5,,,,
3,18.5,,,,
1,19,,,,
1,40,,,,
4,32,,,,
1,37,,,,
1,30,,,,
2,28,,,,
2,16.3,,,,
2,23.5,,,,
2,23.5,,,,
2,23.5,,,,
7,10.78,,,,
11,25,,,,
12,25,,,,
2,13.5,,,,
1,44,,,,
1,43.9,,,,
2,38.4,,,,
2,39.06,,,,
1,41,,,,
2,23,,,,
5,23,,,,
0,18,,,,
4,10,,,,
6,30.5,,,,
13,25,,,,
16,25,,,,
2,12.6,,,,
2,9.5,,,,
6,9.5,,,,
10,9.5,,,,
1,9.3,,,,
11,25,,,,
1,9.3,,,,
1,9.3,,,,
1,9.3,,,,
6,17.5,,,,
5,17.5,,,,
0,20,,,,
6,16.95,,,,
1,16.95,,,,
8,12,,,,
1,16,,,,
9,16,,,,
2,16.95,,,,
5,16.95,,,,
1,12,,,,
2,27.5,,,,
1,29,,,,
3,32,,,,
6,27,,,,
3,27,,,,
7,18,,,,
3,27,,,,
3,26,,,,
3,21,,,,
0,20,,,,
4,17.5,,,,
1,17.5,,,,
2,23,,,,
2,29,,,,
2,29,,,,
2,23,,,,
1,28,,,,
3,29,,,,
5,21,,,,
2,23,,,,
1,14.5,,,,
13,14.5,,,,
10,17.5,,,,
4,14.5,,,,
7,17.5,,,,
0,20,,,,
1,17.5,,,,
2,18,,,,
0,20,,,,
2,17.5,,,,
2,17.5,,,,
4,42,,,,
1,50,,,,
1,45,,,,
1,55,,,,
1,46,,,,
6,60,,,,
7,12.27,,,,
0,22,,,,
6,15.5,,,,
6,12.5,,,,
5,30,,,,
2,23,,,,
2,20,,,,
0,13,,,,
7,14.5,,,,
8,14.25,,,,
2,14.5,,,,
1,14.25,,,,
1,14.25,,,,
3,25,,,,
3,14.8,,,,
3,18.43,,,,
4,17.5,,,,
5,17.5,,,,
12,7,,,,
3,7,,,,
3,17.5,,,,
3,18,,,,
0,17.5,,,,
4,27,,,,
9,42,,,,
7,55,,,,
6,52,,,,
9,52,,,,
1,15,,,,
5,15,,,,
6,15,,,,
1,8,,,,
4,16,,,,
5,16,,,,
1,17.87,,,,
5,12,,,,
2,22.5,,,,
2,24,,,,
1,34,,,,
2,32.72,,,,
2,34,,,,
0,22,,,,
11,20,,,,
4,19,,,,
3,17.47,,,,
2,20,,,,
3,19,,,,
1,19.5,,,,
0,18,,,,
0,18,,,,
2,18,,,,
6,18,,,,
9,22,,,,
4,18,,,,
2,18,,,,
3,23,,,,
4,23,,,,
2,23,,,,
4,23,,,,
1,25.5,,,,
2,26,,,,
9,22,,,,
2,27,,,,
2,26.18,,,,
5,26.18,,,,
8,26,,,,
1,24,,,,
1,24,,,,
10,23,,,,
2,26,,,,
8,26,,,,
5,26,,,,
0,24,,,,
0,26,,,,
5,26,,,,
1,26,,,,
1,27.6,,,,
3,26,,,,
1,14.75,,,,
3,14.75,,,,
1,14.75,,,,
2,14.75,,,,
2,22,,,,
4,13.24,,,,
1,22,,,,
1,22,,,,
2,22,,,,
1,23,,,,
1,22,,,,
3,19,,,,
7,18.5,,,,
5,18,,,,
1,18.5,,,,
1,14.95,,,,
4,14.95,,,,
3,14.95,,,,
2,14.95,,,,
6,14.95,,,,
12,14.95,,,,
3,14.95,,,,
2,14.95,,,,
1,14.95,,,,
1,14.95,,,,
3,14.95,,,,
13,14.95,,,,
1,14.95,,,,
1,14.95,,,,
3,14.95,,,,
3,14.95,,,,
10,14.95,,,,
1,15.95,,,,
1,14.95,,,,
3,14.95,,,,
1,14.95,,,,
10,14.95,,,,
3,14.95,,,,
1,20,,,,
1,24,,,,
4,20,,,,
1,20,,,,
1,23,,,,
3,16.5,,,,
1,19,,,,
1,17.5,,,,
3,19,,,,
2,18,,,,
6,16,,,,
2,17.5,,,,
3,15,,,,
3,18,,,,
5,18.5,,,,
1,16.75,,,,
5,16,,,,
3,16.75,,,,
4,16.75,,,,
4,16.75,,,,
0,15,,,,
1,17.5,,,,
9,18.25,,,,
1,12,,,,
1,15,,,,
1,12,,,,
1,16,,,,
1,16,,,,
4,12,,,,
1,12,,,,
1,21,,,,
1,12,,,,
1,10,,,,
1,15,,,,
8,18,,,,
2,18,,,,
2,11,,,,
4,16.94,,,,
0,19,,,,
3,21,,,,
4,21,,,,
2,21,,,,
6,22,,,,
2,22,,,,
1,18,,,,
3,13.71,,,,
3,12,,,,
1,35,,,,
1,35,,,,
4,35,,,,
5,35,,,,
3,22,,,,
1,30,,,,
1,19,,,,
4,23,,,,
7,22,,,,
3,23,,,,
3,23,,,,
3,23,,,,
3,23,,,,
8,20,,,,
1,29,,,,
3,29,,,,
3,10,,,,
8,12,,,,
5,23,,,,
0,30,,,,
0,23,,,,
2,18,,,,
3,23,,,,
4,18.5,,,,
6,48,,,,
0,45,,,,
2,23,,,,
2,23,,,,
2,23,,,,
15,32,,,,
3,23,,,,
5,32,,,,
4,29.5,,,,
4,29.5,,,,
2,25,,,,
5,26,,,,
3,21.5,,,,
2,30.5,,,,
4,27,,,,
3,30,,,,
3,18,,,,
16,38,,,,
5,10,,,,
11,50,,,,
1,41,,,,
1,40,,,,
3,46,,,,
1,46,,,,
1,46,,,,
4,39,,,,
5,19.5,,,,
5,19.5,,,,
7,18,,,,
5,18,,,,
2,18,,,,
2,10,,,,
5,19.35,,,,
7,10,,,,
1,10,,,,
1,10,,,,
1,18,,,,
11,15.02,,,,
1,15,,,,
6,11.63,,,,
7,9,,,,
0,14,,,,
3,11,,,,
0,14,,,,
1,14,,,,
1,14,,,,
2,14.95,,,,
4,24,,,,
4,24,,,,
1,20,,,,
13,17,,,,
3,12,,,,
2,13.75,,,,
1,10,,,,
2,8.33,,,,
12,14,,,,
12,14,,,,
3,17.5,,,,
6,19.68,,,,
6,12,,,,
3,34,,,,
7,37,,,,
2,57.5,,,,
4,45,,,,
1,57.5,,,,
8,49.5,,,,
3,34,,,,
6,16,,,,
2,16,,,,
2,14.81,,,,
5,17,,,,
1,16.5,,,,
6,15,,,,
5,15,,,,
4,15.83,,,,
6,16.67,,,,
6,15.41,,,,
2,15.75,,,,
1,16.67,,,,
2,25,,,,
2,25,,,,
6,35,,,,
3,32.5,,,,
1,66,,,,
1,66,,,,
1,66,,,,
0,26,,,,
1,26,,,,
3,26,,,,
2,30,,,,
2,32,,,,
1,26,,,,
1,30,,,,
1,30,,,,
1,30,,,,
2,30,,,,
7,32,,,,
2,30,,,,
1,32,,,,
0,25,,,,
1,20,,,,
6,20,,,,
1,20,,,,
0,21,,,,
5,21,,,,
7,21,,,,
4,20,,,,
0,20,,,,
2,20,,,,
0,21,,,,
14,21,,,,
2,15,,,,
1,21,,,,
8,21,,,,
5,13.5,,,,
5,13.5,,,,
5,13.5,,,,
2,16.5,,,,
1,16.5,,,,
5,16,,,,
13,17,,,,
1,16.5,,,,
13,16.5,,,,
4,36,,,,
1,32,,,,
1,28,,,,
2,36,,,,
1,18.95,,,,
1,15.95,,,,
4,15.95,,,,
3,18.95,,,,
4,18.95,,,,
4,15.95,,,,
3,15.95,,,,
1,16.95,,,,
4,14.95,,,,
1,14.95,,,,
3,15.95,,,,
4,15.95,,,,
3,16.95,,,,
7,17.95,,,,
1,15.95,,,,
0,14.95,,,,
3,14.95,,,,
1,14.95,,,,
1,15.95,,,,
4,16.95,,,,
1,15.95,,,,
1,14.95,,,,
7,16.95,,,,
6,16.95,,,,
2,18.95,,,,
8,23,,,,
1,18.5,,,,
3,23,,,,
4,18.5,,,,
0,18.5,,,,
4,23,,,,
1,21,,,,
1,21,,,,
7,23,,,,
9,13,,,,
5,12,,,,
9,13,,,,
3,24,,,,
3,24,,,,
3,24,,,,
5,14,,,,
2,12,,,,
2,12,,,,
8,14,,,,
8,12,,,,
8,12,,,,
2,21,,,,
7,23,,,,
7,22,,,,
2,33.41,,,,
3,32,,,,
3,27,,,,
0,27,,,,
2,27,,,,
0,27,,,,
2,27,,,,
1,27,,,,
5,15,,,,
8,15,,,,
11,15,,,,
13,15,,,,
1,15,,,,
5,17,,,,
5,15,,,,
2,15,,,,
3,16,,,,
3,15,,,,
2,17.95,,,,
2,18.95,,,,
2,19.95,,,,
5,18.95,,,,
3,18.95,,,,
5,18.95,,,,
7,18.95,,,,
8,17.95,,,,
3,20.95,,,,
3,20.95,,,,
1,19.95,,,,
2,20.95,,,,
10,20.95,,,,
5,19.95,,,,
6,19.95,,,,
6,19.95,,,,
3,22.35,,,,
8,19.95,,,,
2,19.95,,,,
3,18.95,,,,
8,18.95,,,,
3,18.95,,,,
5,15,,,,
4,15,,,,
15,10,,,,
1,23.5,,,,
1,27,,,,
6,18.5,,,,
6,18.5,,,,
13,19,,,,
8,18.5,,,,
0,17,,,,
0,17,,,,
1,15,,,,
2,12,,,,
2,14.5,,,,
0,23,,,,
1,23,,,,
4,25,,,,
2,60,,,,
3,60,,,,
9,25,,,,
1,28,,,,
5,35,,,,
2,33.5,,,,
3,20,,,,
4,15,,,,
2,17,,,,
2,17,,,,
1,12,,,,
3,18,,,,
2,17,,,,
5,17,,,,
2,12,,,,
11,12,,,,
1,12,,,,
1,18,,,,
1,18,,,,
2,18,,,,
1,30.4,,,,
4,38,,,,
6,32.5,,,,
4,36,,,,
4,36,,,,
3,16,,,,
2,35,,,,
6,26,,,,
6,28,,,,
2,21.5,,,,
4,19.5,,,,
4,19.5,,,,
2,19.5,,,,
0,19.5,,,,
6,19.5,,,,
7,19.5,,,,
3,19.5,,,,
3,19.5,,,,
16,18,,,,
6,19.5,,,,
3,28.5,,,,
9,28.5,,,,
4,28.5,,,,
7,36,,,,
1,25,,,,
1,27,,,,
0,25,,,,
3,27,,,,
4,27,,,,
5,31,,,,
1,25,,,,
1,25,,,,
1,25,,,,
4,26,,,,
4,11,,,,
2,17.33,,,,
2,22,,,,
0,25,,,,
1,25,,,,
1,26,,,,
3,32.5,,,,
3,32.5,,,,
0,27,,,,
4,27,,,,
7,27,,,,
1,27,,,,
6,30,,,,
3,27,,,,
1,25.5,,,,
5,23,,,,
1,25,,,,
0,23,,,,
2,25,,,,
5,25,,,,
7,23,,,,
2,26.75,,,,
1,11.32,,,,
4,14.95,,,,
4,15.95,,,,
3,16.95,,,,
3,32.5,,,,
3,32.5,,,,
2,17.95,,,,
8,18.95,,,,
1,35,,,,
4,29.5,,,,
7,11.75,,,,
5,12,,,,
2,17,,,,
3,16,,,,
6,13,,,,
6,17,,,,
6,17,,,,
3,23,,,,
1,23,,,,
2,16.24,,,,
0,21,,,,
3,20.8,,,,
3,23,,,,
1,21.65,,,,
14,22.5,,,,
2,29.25,,,,
1,12,,,,
3,42.5,,,,
1,32,,,,
2,38,,,,
3,38,,,,
0,36,,,,
0,36,,,,
4,38,,,,
1,29,,,,
0,29.5,,,,
2,23,,,,
1,22.5,,,,
1,23,,,,
3,26.5,,,,
1,23,,,,
1,22.5,,,,
10,22.5,,,,
4,17,,,,
1,17,,,,
8,27,,,,
3,32,,,,
5,28,,,,
3,28,,,,
8,28,,,,
13,28,,,,
7,28,,,,
2,19.5,,,,
3,21.5,,,,
1,20,,,,
0,19,,,,
0,19.5,,,,
6,20,,,,
1,20,,,,
3,19.5,,,,
2,21.5,,,,
4,21.5,,,,
2,19.5,,,,
6,21.5,,,,
8,20,,,,
1,14.5,,,,
12,14.5,,,,
3,15.5,,,,
1,15.5,,,,
1,15,,,,
0,15.5,,,,
4,18,,,,
1,15.5,,,,
3,15.5,,,,
3,25,,,,
2,23,,,,
3,18,,,,
3,18,,,,
2,25,,,,
1,27,,,,
2,50.4,,,,
2,20,,,,
2,20,,,,
3,23.5,,,,
2,21.5,,,,
2,23,,,,
1,25,,,,
2,32,,,,
3,32,,,,
3,26,,,,
7,11.95,,,,
5,14.95,,,,
6,19.95,,,,
11,19.95,,,,
5,14.95,,,,
10,19.95,,,,
2,11.95,,,,
1,14.95,,,,
5,14.95,,,,
6,19.95,,,,
6,11.95,,,,
8,20.95,,,,
2,11.95,,,,
13,12.95,,,,
2,11.95,,,,
2,16.95,,,,
2,11.95,,,,
0,16.95,,,,
8,18.95,,,,
2,29.95,,,,
1,16.95,,,,
2,18.29,,,,
1,18.95,,,,
3,16.95,,,,
12,12.95,,,,
7,6.75,,,,
2,11.95,,,,
1,11.95,,,,
4,14.95,,,,
5,14.95,,,,
4,22.95,,,,
10,22.95,,,,
16,14.95,,,,
2,14.95,,,,
16,22.95,,,,
2,11.95,,,,
6,20.95,,,,
2,19.75,,,,
5,22,,,,
5,22,,,,
2,19.75,,,,
10,18,,,,
2,17.5,,,,
7,17.5,,,,
6,17.5,,,,
2,18.35,,,,
0,14.95,,,,
5,14.95,,,,
1,24.7,,,,
4,14.95,,,,
10,24.65,,,,
1,16.95,,,,
8,14.95,,,,
5,14.95,,,,
1,11.95,,,,
2,14.95,,,,
6,11.95,,,,
4,11.95,,,,
2,24.84,,,,
4,24.38,,,,
5,14.95,,,,
1,8.1,,,,
2,14.95,,,,
1,18.35,,,,
0,24.65,,,,
6,14.95,,,,
2,11.95,,,,
2,15.35,,,,
1,11.95,,,,
1,14.95,,,,
10,14.95,,,,
5,15.95,,,,
7,18.35,,,,
10,18,,,,
3,19.5,,,,
5,19.5,,,,
12,22,,,,
2,23,,,,
2,23,,,,
3,35,,,,
1,27,,,,
4,28,,,,
4,28,,,,
2,28,,,,
2,31,,,,
7,15,,,,
8,25,,,,
6,13.2,,,,
5,23.5,,,,
0,33.79,,,,
4,34.3,,,,
0,54,,,,
2,22,,,,
1,20,,,,
1,22,,,,
0,17,,,,
3,19.5,,,,
1,26.5,,,,
2,18,,,,
3,22,,,,
5,15,,,,
6,15,,,,
2,15,,,,
6,21.67,,,,
6,21.67,,,,
2,20,,,,
5,22,,,,
3,23.5,,,,
8,12.55,,,,
8,12,,,,
8,12.6,,,,
8,12.61,,,,
2,25,,,,
9,14,,,,
2,17.5,,,,
4,16.98,,,,
3,15.04,,,,
3,14.74,,,,
1,14.74,,,,
1,16.74,,,,
2,17.14,,,,
2,12,,,,
9,14,,,,
2,11.07,,,,
9,12,,,,
4,10,,,,
2,12.5,,,,
2,21.5,,,,
1,13.5,,,,
1,12,,,,
5,15,,,,
7,6.5,,,,
0,8.25,,,,
9,17.5,,,,
2,16,,,,
1,21.5,,,,
4,21.5,,,,
8,17,,,,
7,15,,,,
2,22,,,,
9,20,,,,
3,9.38,,,,
6,9.6,,,,
3,10.5,,,,
6,12,,,,
5,12,,,,
5,12,,,,
3,12,,,,
5,12,,,,
5,12,,,,
3,12,,,,
6,12,,,,
1,12,,,,
7,7.2,,,,
7,6.86,,,,
0,27,,,,
0,27,,,,
1,14.4,,,,
1,13,,,,
2,16.5,,,,
1,13.5,,,,
2,11.92,,,,
0,20,,,,
11,29.5,,,,
16,25,,,,
4,16,,,,
4,12.5,,,,
0,20,,,,
1,18.5,,,,
3,20,,,,
3,20,,,,
3,20,,,,
0,18.5,,,,
3,21,,,,
3,20,,,,
3,16.98,,,,
1,15.8,,,,
1,10.58,,,,
6,22,,,,
1,18,,,,
4,12,,,,
2,19,,,,
2,19,,,,
0,18,,,,
3,12,,,,
4,20,,,,
4,20,,,,
1,15,,,,
2,16.8,,,,
3,16.32,,,,
2,20,,,,
2,20,,,,
2,19,,,,
6,8,,,,
6,23,,,,
4,12.5,,,,
2,16,,,,
11,11,,,,
7,10.32,,,,
2,14.16,,,,
2,12.95,,,,
2,9.71,,,,
1,13,,,,
3,12,,,,
3,12,,,,
1,13.71,,,,
2,11,,,,
2,11,,,,
2,11,,,,
7,15.13,,,,
5,17.09,,,,
2,18,,,,
5,15,,,,
2,11.5,,,,
2,10,,,,
3,14.4,,,,
1,8,,,,
9,18,,,,
4,12.7,,,,
4,12.7,,,,
0,15,,,,
3,15,,,,
8,17,,,,
1,12,,,,
0,20,,,,
1,9,,,,
2,35,,,,
7,40,,,,
8,30,,,,
4,16,,,,
1,20,,,,
1,20,,,,
1,14.92,,,,
9,18.33,,,,
2,17.77,,,,
7,15,,,,
6,12.5,,,,
9,12.5,,,,
2,13,,,,
8,14,,,,
7,26,,,,
5,15,,,,
5,15,,,,
12,22,,,,
6,14,,,,
4,18.72,,,,
2,17.88,,,,
1,16.95,,,,
1,16.95,,,,
7,20,,,,
7,12,,,,
1,35,,,,
14,12.92,,,,
7,10.59,,,,
2,18,,,,
2,12,,,,
4,14,,,,
9,14,,,,
1,9.27,,,,
6,15.25,,,,
8,9,,,,
1,13.88,,,,
11,17.14,,,,
1,15,,,,
9,16.725,,,,
2,15.2,,,,
3,16,,,,
1,15,,,,
4,15,,,,
3,22,,,,
5,22,,,,
4,22,,,,
4,22,,,,
4,22,,,,
3,12,,,,
1,22,,,,
6,22.5,,,,
0,22.5,,,,
3,22.5,,,,
3,22.5,,,,
2,16,,,,
1,16,,,,
7,19,,,,
6,19,,,,
3,18.5,,,,
1,18.5,,,,
5,17.75,,,,
15,17.75,,,,
4,17,,,,
2,18.5,,,,
1,18.5,,,,
7,19,,,,
7,19.5,,,,
6,19.5,,,,
5,19,,,,
3,18.5,,,,
5,15,,,,
2,16.5,,,,
2,16.5,,,,
1,16.5,,,,
10,17,,,,
5,21,,,,
5,22.5,,,,
4,21,,,,
6,14,,,,
9,24.5,,,,
9,24.5,,,,
8,24.5,,,,
5,24.5,,,,
4,14.4,,,,
7,12,,,,
2,12,,,,
5,14.4,,,,
3,22,,,,
3,24,,,,
1,17.85,,,,
1,15,,,,
1,22.28,,,,
4,16,,,,
2,15.15,,,,
3,12.5,,,,
3,12.5,,,,
1,25,,,,
0,15.25,,,,
2,15,,,,
1,27.5,,,,
4,26,,,,
6,27.5,,,,
3,17,,,,
2,17,,,,
3,17,,,,
4,17,,,,
13,18,,,,
1,16.68,,,,
7,22,,,,
2,15,,,,
4,19.95,,,,
1,20.75,,,,
0,21.75,,,,
4,32,,,,
8,33.5,,,,
6,38,,,,
2,38,,,,
8,33.5,,,,
1,33.5,,,,
2,28,,,,
2,32,,,,
3,9.95,,,,
1,9.95,,,,
9,9.95,,,,
2,9.95,,,,
0,9.95,,,,
2,9.95,,,,
2,9.95,,,,
4,9.95,,,,
6,9.95,,,,
4,9.95,,,,
0,9.95,,,,
1,9.95,,,,
2,9.95,,,,
2,9.95,,,,
5,9.95,,,,
3,9.95,,,,
1,9.95,,,,
3,9.95,,,,
4,9.95,,,,
4,9.95,,,,
2,9.95,,,,
0,9.95,,,,
0,9.95,,,,
3,14.5,,,,
9,13,,,,
8,12,,,,
7,37,,,,
7,37,,,,
2,39,,,,
4,39,,,,
0,35,,,,
5,12,,,,
3,15,,,,
5,12,,,,
7,19,,,,
2,20,,,,
1,16,,,,
1,19.5,,,,
1,18.5,,,,
1,22,,,,
2,20,,,,
3,20,,,,
1,20,,,,
2,12,,,,
1,22,,,,
5,19.5,,,,
4,17,,,,
13,20.5,,,,
5,21.5,,,,
13,20.5,,,,
0,21.7,,,,
1,21.43,,,,
0,19,,,,
3,19,,,,
3,8,,,,
13,25,,,,
3,36,,,,
2,25,,,,
3,31,,,,
0,27,,,,
4,36,,,,
2,12,,,,
3,18.5,,,,
1,15,,,,
3,17,,,,
7,20.95,,,,
3,19.5,,,,
8,19.5,,,,
7,19,,,,
2,20.94,,,,
2,23,,,,
2,16.5,,,,
7,16.5,,,,
10,16.5,,,,
2,16.5,,,,
2,16.5,,,,
9,16.5,,,,
1,40,,,,
0,28,,,,
0,28,,,,
0,28,,,,
0,28,,,,
4,28,,,,
0,28,,,,
0,28,,,,
0,28,,,,
1,28,,,,
0,36,,,,
3,27,,,,
3,27,,,,
4,21,,,,
4,21,,,,
12,27.5,,,,
9,21,,,,
2,27.5,,,,
3,27,,,,
7,33,,,,
1,25,,,,
8,25,,,,
6,27,,,,
2,28,,,,
5,25,,,,
9,27,,,,
1,27,,,,
6,27,,,,
2,28,,,,
7,25,,,,
3,25,,,,
1,28,,,,
0,38,,,,
2,38,,,,
3,38,,,,
5,44,,,,
1,45,,,,
10,23.5,,,,
4,32,,,,
2,33.4,,,,
0,46.04,,,,
2,37.41,,,,
0,39.01,,,,
1,40,,,,
4,32.5,,,,
4,33.67,,,,
2,38.83,,,,
0,60.48,,,,
10,12,,,,
6,18.75,,,,
6,16.5,,,,
9,13.5,,,,
9,13.5,,,,
12,13.5,,,,
1,18,,,,
5,8,,,,
3,12,,,,
0,12,,,,
0,12,,,,
1,12,,,,
10,12,,,,
0,12,,,,
3,12,,,,
5,12,,,,
2,12,,,,
3,12,,,,
8,24,,,,
12,14.67,,,,
2,18,,,,
5,15,,,,
4,16.99,,,,
2,17,,,,
11,16.5,,,,
7,15,,,,
4,23,,,,
3,18,,,,
0,18,,,,
5,31,,,,
0,16,,,,
3,12,,,,
11,10,,,,
1,10,,,,
1,11.55,,,,
6,21,,,,
7,21,,,,
9,20,,,,
5,19,,,,
5,19,,,,
4,20,,,,
2,13.16,,,,
5,20,,,,
5,12,,,,
1,16,,,,
1,15,,,,
3,15,,,,
1,16,,,,
1,15,,,,
0,15,,,,
1,15,,,,
1,15,,,,
3,15,,,,
0,17,,,,
4,13,,,,
8,12,,,,
7,13.5,,,,
1,20,,,,
1,20,,,,
6,8.5,,,,
4,15,,,,
11,9.6,,,,
9,11,,,,
4,11.9,,,,
2,27,,,,
3,16.52,,,,
12,10,,,,
4,17,,,,
4,8,,,,
1,10.2,,,,
4,16,,,,
3,16,,,,
10,12,,,,
7,12,,,,
4,16,,,,
6,16,,,,
7,12,,,,
9,12,,,,
1,12,,,,
5,12,,,,
12,10,,,,
7,10,,,,
0,11,,,,
1,12,,,,
7,10,,,,
7,10,,,,
1,12,,,,
3,12,,,,
1,12,,,,
7,10,,,,
10,14.67,,,,
4,24,,,,
8,33,,,,
5,28,,,,
9,28,,,,
2,24,,,,
6,29.5,,,,
15,33,,,,
3,28,,,,
2,24,,,,
9,34,,,,
3,24,,,,
9,16.5,,,,
4,15,,,,
5,10,,,,
3,10,,,,
3,10,,,,
2,22.5,,,,
2,9.33,,,,
1,9.33,,,,
4,19,,,,
6,12,,,,
6,12,,,,
6,12,,,,
1,11.5,,,,
2,10.5,,,,
2,12,,,,
2,12,,,,
1,27,,,,
1,28,,,,
1,27,,,,
3,27,,,,
